nico,word,freq,total,user,word,freq,total,NicoFreqUserWords,NicoTotalWords,,
p1,three,20,614,p1,multiply,12,164,10,164,-0.02840232,-0.183145309
p1,two,17,614,p1,ten,10,164,0,0,0,
p1,think,16,614,p1,three,10,164,0,0,0,
p1,five,15,614,p1,get,6,164,4,164,-3.97235E-05,
p1,multiply,15,614,p1,hundred,6,164,12,164,-0.048740764,
p1,one,14,614,p1,seven,5,164,5,164,-0.007686502,
p1,put,12,614,p1,divide,5,164,0,0,0,
p1,times,12,614,p1,point,5,164,0,0,0,
p1,get,12,614,p1,find,5,164,6,164,-0.017041392,
p1,okay,11,614,p1,one,5,164,0,0,0,
p1,bags,11,614,p1,yes,4,164,0,0,0,
p1,answer,11,614,p1,six,4,164,0,0,0,
p1,hundred,10,614,p1,'re,4,164,6,164,-0.020298721,
p1,'s,10,614,p1,eminem's,4,164,0,0,0,
p1,``,9,614,p1,five,4,164,0,0,0,
p1,'',9,614,p1,total,3,164,0,0,0,
p1,'m,9,614,p1,ratio,3,164,0,0,0,
p1,six,8,614,p1,distance,3,164,4,164,-0.011360928,
p1,miles,8,614,p1,multiplying,2,164,0,0,0,
p1,problem,8,614,p1,yeah,2,164,0,0,0,
p1,need,8,614,p1,surface,2,164,0,0,0,
p1,help,7,614,p1,four,2,164,0,0,0,
p1,ten,7,614,p1,area,2,164,10,164,-0.049574958,
p1,step,7,614,p1,going,2,164,0,0,0,
p1,paint,7,614,p1,equivalent,2,164,0,0,0,
p10,two,32,915,p10,blank,31,355,14,355,,
p10,think,23,915,p10,one,30,355,#N/A,#N/A,,
p10,three,23,915,p10,times,30,355,#N/A,#N/A,,
p10,one,19,915,p10,six,25,355,8,355,,
p10,times,18,915,p10,equals,25,355,#N/A,#N/A,,
p10,answer,18,915,p10,three,21,355,21,355,,
p10,'m,18,915,p10,ten,14,355,30,355,,
p10,five,17,915,p10,five,14,355,30,355,,
p10,get,17,915,p10,hundred,12,355,6,355,,
p10,put,15,915,p10,divided,10,355,#N/A,#N/A,,
p10,great,15,915,p10,two,8,355,14,355,,
p10,sweet,15,915,p10,spot,8,355,4,355,,
p10,step,14,915,p10,point,7,355,#N/A,#N/A,,
p10,point,14,915,p10,yes,7,355,#N/A,#N/A,,
p10,figure,13,915,p10,find,7,355,#N/A,#N/A,,
p10,twenty,12,915,p10,would,7,355,#N/A,#N/A,,
p10,``,12,915,p10,answer,6,355,7,355,,
p10,'',12,915,p10,eighty,6,355,#N/A,#N/A,,
p10,okay,12,915,p10,equal,6,355,#N/A,#N/A,,
p10,multiply,12,915,p10,seven,5,355,#N/A,#N/A,,
p10,know,11,915,p10,need,5,355,#N/A,#N/A,,
p10,hundred,11,915,p10,twelve,4,355,#N/A,#N/A,,
p10,problem,11,915,p10,get,4,355,#N/A,#N/A,,
p10,go,10,915,p10,four,3,355,#N/A,#N/A,,
p10,like,10,915,p10,fifty,3,355,12,355,,
p11,two,25,701,p11,one,8,150,5,150,,
p11,think,15,701,p11,multiply,8,150,6,150,,
p11,three,15,701,p11,three,7,150,#N/A,#N/A,,
p11,one,13,701,p11,next,7,150,#N/A,#N/A,,
p11,``,13,701,p11,times,6,150,#N/A,#N/A,,
p11,'',13,701,p11,step,6,150,7,150,,
p11,times,12,701,p11,problem,6,150,8,150,,
p11,answer,12,701,p11,yes,5,150,6,150,,
p11,'s,11,701,p11,ten,5,150,4,150,,
p11,get,11,701,p11,get,5,150,2,150,,
p11,put,11,701,p11,four,4,150,#N/A,#N/A,,
p11,figure,11,701,p11,answer,4,150,5,150,,
p11,okay,11,701,p11,figure,3,150,#N/A,#N/A,,
p11,multiply,11,701,p11,go,3,150,#N/A,#N/A,,
p11,help,10,701,p11,correct,3,150,#N/A,#N/A,,
p11,step,10,701,p11,'s,3,150,6,150,,
p11,problem,10,701,p11,first,3,150,#N/A,#N/A,,
p11,need,10,701,p11,twelve,2,150,3,150,,
p11,'m,10,701,p11,seven,2,150,#N/A,#N/A,,
p11,great,9,701,p11,six,2,150,#N/A,#N/A,,
p11,twenty,9,701,p11,going,2,150,#N/A,#N/A,,
p11,awesome,9,701,p11,hundred,2,150,#N/A,#N/A,,
p11,point,8,701,p11,time,2,150,8,150,,
p11,hundred,8,701,p11,gen,2,150,#N/A,#N/A,,
p11,seven,8,701,p11,'m,2,150,2,150,,
p12,think,37,794,p12,times,36,262,9,262,,
p12,need,29,794,p12,'s,31,262,#N/A,#N/A,,
p12,two,27,794,p12,yes,18,262,#N/A,#N/A,,
p12,know,26,794,p12,one,17,262,6,262,,
p12,five,25,794,p12,six,16,262,#N/A,#N/A,,
p12,times,22,794,p12,three,12,262,12,262,,
p12,differently,21,794,p12,five,10,262,17,262,,
p12,might,21,794,p12,ten,9,262,36,262,,
p12,ask,21,794,p12,divided,9,262,7,262,,
p12,answer,21,794,p12,thirty,9,262,#N/A,#N/A,,
p12,six,20,794,p12,point,8,262,10,262,,
p12,put,18,794,p12,seven,7,262,3,262,,
p12,three,18,794,p12,answer,7,262,#N/A,#N/A,,
p12,multiply,17,794,p12,eight,7,262,#N/A,#N/A,,
p12,one,16,794,p12,hundred,6,262,#N/A,#N/A,,
p12,okay,14,794,p12,two,6,262,#N/A,#N/A,,
p12,hundred,14,794,p12,twenty,5,262,8,262,,
p12,point,13,794,p12,four,4,262,#N/A,#N/A,,
p12,figure,13,794,p12,nine,4,262,5,262,,
p12,``,11,794,p12,blank,3,262,#N/A,#N/A,,
p12,'',11,794,p12,get,3,262,#N/A,#N/A,,
p12,step,10,794,p12,equals,3,262,#N/A,#N/A,,
p12,ten,9,794,p12,part,3,262,2,262,,
p12,twenty,9,794,p12,know,2,262,2,262,,
p12,bags,9,794,p12,multiply,2,262,6,262,,
p13,think,24,948,p13,multiply,20,263,18,263,,
p13,answer,22,948,p13,ten,18,263,#N/A,#N/A,,
p13,multiply,22,948,p13,one,17,263,#N/A,#N/A,,
p13,three,21,948,p13,six,13,263,4,263,,
p13,'s,20,948,p13,going,13,263,#N/A,#N/A,,
p13,two,20,948,p13,answer,13,263,9,263,,
p13,five,18,948,p13,five,12,263,17,263,,
p13,put,17,948,p13,'re,11,263,5,263,,
p13,get,16,948,p13,divide,9,263,13,263,,
p13,times,16,948,p13,yes,9,263,#N/A,#N/A,,
p13,figure,16,948,p13,three,9,263,12,263,,
p13,okay,16,948,p13,hundred,9,263,8,263,,
p13,one,15,948,p13,correct,8,263,#N/A,#N/A,,
p13,'m,15,948,p13,get,8,263,#N/A,#N/A,,
p13,twenty,14,948,p13,point,7,263,#N/A,#N/A,,
p13,point,13,948,p13,eight,7,263,#N/A,#N/A,,
p13,``,13,948,p13,seven,6,263,7,263,,
p13,'',13,948,p13,four,5,263,#N/A,#N/A,,
p13,hundred,12,948,p13,times,5,263,3,263,,
p13,sweet,11,948,p13,divided,4,263,#N/A,#N/A,,
p13,help,10,948,p13,nico,4,263,#N/A,#N/A,,
p13,step,10,948,p13,two,4,263,#N/A,#N/A,,
p13,today,10,948,p13,twenty,3,263,20,263,,
p13,seven,10,948,p13,nineteen,3,263,#N/A,#N/A,,
p13,awesome,10,948,p13,number,2,263,9,263,,
p14,three,22,660,p14,one,21,255,,,,
p14,two,21,660,p14,six,14,255,,,,
p14,five,14,660,p14,ten,12,255,,,,
p14,step,14,660,p14,three,10,255,,,,
p14,times,13,660,p14,yes,10,255,,,,
p14,one,13,660,p14,'s,9,255,,,,
p14,need,13,660,p14,equals,9,255,,,,
p14,think,12,660,p14,twelve,8,255,,,,
p14,okay,12,660,p14,area,8,255,,,,
p14,put,11,660,p14,five,8,255,,,,
p14,great,11,660,p14,hundred,8,255,,,,
p14,'s,10,660,p14,times,8,255,,,,
p14,get,10,660,p14,bag,8,255,,,,
p14,sweet,10,660,p14,surface,7,255,,,,
p14,paint,10,660,p14,volume,7,255,,,,
p14,figure,10,660,p14,eminem,7,255,,,,
p14,answer,10,660,p14,two,6,255,,,,
p14,``,9,660,p14,paint,5,255,,,,
p14,'',9,660,p14,hours,5,255,,,,
p14,six,9,660,p14,miles,5,255,,,,
p14,multiply,9,660,p14,half,4,255,,,,
p14,'m,9,660,p14,thirty,3,255,,,,
p14,miles,8,660,p14,feet,3,255,,,,
p14,much,8,660,p14,go,3,255,,,,
p14,torso,8,660,p14,bags,3,255,,,,
p15,three,19,465,p15,would,18,268,,,,
p15,one,18,465,p15,one,16,268,,,,
p15,two,17,465,p15,ten,15,268,,,,
p15,five,15,465,p15,six,15,268,,,,
p15,answer,13,465,p15,yes,14,268,,,,
p15,put,12,465,p15,five,14,268,,,,
p15,times,12,465,p15,two,11,268,,,,
p15,think,12,465,p15,point,10,268,,,,
p15,six,11,465,p15,times,9,268,,,,
p15,okay,11,465,p15,equals,8,268,,,,
p15,multiply,11,465,p15,seven,7,268,,,,
p15,ten,9,465,p15,twelve,6,268,,,,
p15,get,9,465,p15,divided,6,268,,,,
p15,need,9,465,p15,hundred,6,268,,,,
p15,paint,8,465,p15,paint,5,268,,,,
p15,hundred,8,465,p15,got,5,268,,,,
p15,step,7,465,p15,'s,5,268,,,,
p15,help,6,465,p15,volume,5,268,,,,
p15,explain,6,465,p15,twenty,4,268,,,,
p15,miles,6,465,p15,like,4,268,,,,
p15,figure,6,465,p15,thirty,4,268,,,,
p15,twelve,5,465,p15,n't,4,268,,,,
p15,seven,5,465,p15,three,4,268,,,,
p15,give,5,465,p15,put,3,268,,,,
p15,``,5,465,p15,use,3,268,,,,
p16,answer,24,704,p16,one,30,490,,,,
p16,two,20,704,p16,ten,28,490,,,,
p16,put,19,704,p16,plus,24,490,,,,
p16,three,19,704,p16,five,22,490,,,,
p16,step,18,704,p16,equals,20,490,,,,
p16,figure,18,704,p16,hundred,19,490,,,,
p16,think,17,704,p16,times,14,490,,,,
p16,five,15,704,p16,twenty,13,490,,,,
p16,one,15,704,p16,three,13,490,,,,
p16,okay,15,704,p16,answer,12,490,,,,
p16,need,14,704,p16,add,11,490,,,,
p16,times,12,704,p16,get,9,490,,,,
p16,know,11,704,p16,two,9,490,,,,
p16,twenty,11,704,p16,nico,9,490,,,,
p16,'s,10,704,p16,fifty,8,490,,,,
p16,hundred,10,704,p16,like,8,490,,,,
p16,help,9,704,p16,seven,8,490,,,,
p16,explain,9,704,p16,yes,7,490,,,,
p16,next,9,704,p16,six,7,490,,,,
p16,problem,9,704,p16,thirty,6,490,,,,
p16,bags,9,704,p16,okay,5,490,,,,
p16,go,8,704,p16,point,5,490,,,,
p16,get,8,704,p16,number,5,490,,,,
p16,'m,8,704,p16,would,5,490,,,,
p16,paint,7,704,p16,sure,5,490,,,,
p17,three,23,685,p17,multiply,15,248,,,,
p17,two,20,685,p17,amount,14,248,,,,
p17,need,17,685,p17,yes,11,248,,,,
p17,paint,16,685,p17,eminem,11,248,,,,
p17,figure,16,685,p17,'s,10,248,,,,
p17,think,15,685,p17,total,9,248,,,,
p17,okay,15,685,p17,three,8,248,,,,
p17,multiply,15,685,p17,paint,8,248,,,,
p17,five,14,685,p17,five,8,248,,,,
p17,put,14,685,p17,surface,7,248,,,,
p17,times,14,685,p17,area,7,248,,,,
p17,answer,14,685,p17,six,7,248,,,,
p17,one,13,685,p17,volume,7,248,,,,
p17,much,12,685,p17,ten,6,248,,,,
p17,``,12,685,p17,times,6,248,,,,
p17,'',12,685,p17,feet,5,248,,,,
p17,'s,10,685,p17,much,5,248,,,,
p17,great,10,685,p17,get,5,248,,,,
p17,get,9,685,p17,double,5,248,,,,
p17,point,9,685,p17,miles,5,248,,,,
p17,sweet,9,685,p17,seven,4,248,,,,
p17,feet,9,685,p17,divide,4,248,,,,
p17,twenty,9,685,p17,bags,4,248,,,,
p17,bags,9,685,p17,hundred,4,248,,,,
p17,hundred,8,685,p17,one,4,248,,,,
p18,think,14,536,p18,six,16,231,,,,
p18,one,14,536,p18,one,16,231,,,,
p18,three,14,536,p18,ten,14,231,,,,
p18,two,13,536,p18,three,14,231,,,,
p18,'m,12,536,p18,know,13,231,,,,
p18,get,11,536,p18,two,8,231,,,,
p18,miles,10,536,p18,times,8,231,,,,
p18,step,10,536,p18,equals,7,231,,,,
p18,put,10,536,p18,look,7,231,,,,
p18,great,10,536,p18,thirty,7,231,,,,
p18,figure,10,536,p18,paint,6,231,,,,
p18,answer,10,536,p18,hundred,6,231,,,,
p18,need,9,536,p18,multiply,6,231,,,,
p18,go,8,536,p18,yes,5,231,,,,
p18,really,8,536,p18,divided,5,231,,,,
p18,hours,8,536,p18,surface,4,231,,,,
p18,sweet,8,536,p18,area,4,231,,,,
p18,n't,8,536,p18,plus,4,231,,,,
p18,okay,8,536,p18,eminem,3,231,,,,
p18,multiply,8,536,p18,five,3,231,,,,
p18,'s,7,536,p18,twenty,3,231,,,,
p18,paint,7,536,p18,hours,3,231,,,,
p18,problem,7,536,p18,equal,3,231,,,,
p18,help,6,536,p18,value,3,231,,,,
p18,four,6,536,p18,hour,2,231,,,,
p19,two,21,572,p19,multiply,19,302,,,,
p19,think,15,572,p19,one,15,302,,,,
p19,five,13,572,p19,ten,12,302,,,,
p19,one,13,572,p19,five,11,302,,,,
p19,three,13,572,p19,hundred,11,302,,,,
p19,get,12,572,p19,figure,11,302,,,,
p19,put,12,572,p19,would,10,302,,,,
p19,answer,12,572,p19,yeah,8,302,,,,
p19,great,11,572,p19,times,8,302,,,,
p19,need,11,572,p19,need,8,302,,,,
p19,step,10,572,p19,six,8,302,,,,
p19,paint,10,572,p19,equals,7,302,,,,
p19,okay,10,572,p19,okay,6,302,,,,
p19,'s,9,572,p19,answer,6,302,,,,
p19,figure,9,572,p19,'s,6,302,,,,
p19,bags,9,572,p19,two,6,302,,,,
p19,multiply,9,572,p19,yes,5,302,,,,
p19,'m,9,572,p19,get,5,302,,,,
p19,miles,8,572,p19,see,5,302,,,,
p19,hundred,8,572,p19,first,5,302,,,,
p19,times,7,572,p19,eminem,4,302,,,,
p19,help,6,572,p19,twenty,4,302,,,,
p19,go,6,572,p19,much,4,302,,,,
p19,oh,6,572,p19,three,4,302,,,,
p19,sweet,6,572,p19,seven,4,302,,,,
p2,need,16,350,p2,six,13,225,,,,
p2,paint,14,350,p2,get,9,225,,,,
p2,two,12,350,p2,three,9,225,,,,
p2,put,9,350,p2,five,8,225,,,,
p2,think,9,350,p2,'s,7,225,,,,
p2,much,8,350,p2,one,6,225,,,,
p2,figure,8,350,p2,ten,6,225,,,,
p2,step,7,350,p2,give,6,225,,,,
p2,one,7,350,p2,know,5,225,,,,
p2,'m,7,350,p2,times,5,225,,,,
p2,help,6,350,p2,twenty,5,225,,,,
p2,first,6,350,p2,paint,5,225,,,,
p2,legs,6,350,p2,us,5,225,,,,
p2,answer,6,350,p2,figure,5,225,,,,
p2,okay,6,350,p2,saying,4,225,,,,
p2,``,5,350,p2,yes,4,225,,,,
p2,torso,5,350,p2,like,4,225,,,,
p2,'',5,350,p2,would,4,225,,,,
p2,sure,5,350,p2,divided,4,225,,,,
p2,though,5,350,p2,answer,4,225,,,,
p2,multiply,5,350,p2,multiply,4,225,,,,
p2,four,4,350,p2,right,3,225,,,,
p2,go,4,350,p2,equals,3,225,,,,
p2,hint,4,350,p2,put,3,225,,,,
p2,waterproof,4,350,p2,think,3,225,,,,
p20,two,25,484,p20,ten,38,468,,,,
p20,three,17,484,p20,one,35,468,,,,
p20,five,14,484,p20,three,28,468,,,,
p20,put,14,484,p20,get,21,468,,,,
p20,one,14,484,p20,equals,21,468,,,,
p20,answer,13,484,p20,point,17,468,,,,
p20,point,12,484,p20,times,16,468,,,,
p20,need,12,484,p20,hundred,16,468,,,,
p20,okay,11,484,p20,four,12,468,,,,
p20,ten,10,484,p20,five,12,468,,,,
p20,paint,10,484,p20,seven,11,468,,,,
p20,four,9,484,p20,yes,10,468,,,,
p20,times,9,484,p20,paint,10,468,,,,
p20,think,9,484,p20,miles,9,468,,,,
p20,figure,9,484,p20,two,9,468,,,,
p20,multiply,9,484,p20,much,8,468,,,,
p20,get,8,484,p20,know,7,468,,,,
p20,twenty,8,484,p20,inches,7,468,,,,
p20,seven,8,484,p20,hour,7,468,,,,
p20,guess,7,484,p20,six,7,468,,,,
p20,help,6,484,p20,answer,7,468,,,,
p20,step,6,484,p20,multiply,7,468,,,,
p20,bags,6,484,p20,every,5,468,,,,
p20,ratio,5,484,p20,seconds,5,468,,,,
p20,hundred,5,484,p20,many,5,468,,,,
p21,think,16,579,p21,'s,32,664,,,,
p21,two,16,579,p21,going,26,664,,,,
p21,three,13,579,p21,one,18,664,,,,
p21,answer,13,579,p21,get,15,664,,,,
p21,go,12,579,p21,six,15,664,,,,
p21,step,12,579,p21,five,14,664,,,,
p21,put,12,579,p21,'re,14,664,,,,
p21,figure,12,579,p21,go,12,664,,,,
p21,miles,11,579,p21,miles,11,664,,,,
p21,sweet,11,579,p21,three,11,664,,,,
p21,one,11,579,p21,know,10,664,,,,
p21,'m,10,579,p21,answer,9,664,,,,
p21,like,9,579,p21,like,9,664,,,,
p21,five,8,579,p21,ten,9,664,,,,
p21,really,8,579,p21,think,9,664,,,,
p21,great,8,579,p21,technically,9,664,,,,
p21,problem,8,579,p21,find,8,664,,,,
p21,six,8,579,p21,twenty,8,664,,,,
p21,get,7,579,p21,friends,8,664,,,,
p21,hours,7,579,p21,step,7,664,,,,
p21,``,7,579,p21,many,7,664,,,,
p21,'',7,579,p21,point,7,664,,,,
p21,need,7,579,p21,number,7,664,,,,
p21,okay,7,579,p21,destination,7,664,,,,
p21,'s,6,579,p21,way,7,664,,,,
p22,two,21,587,p22,equals,21,166,,,,
p22,three,19,587,p22,times,18,166,,,,
p22,times,15,587,p22,hundred,16,166,,,,
p22,think,15,587,p22,one,14,166,,,,
p22,answer,15,587,p22,five,11,166,,,,
p22,'m,13,587,p22,ten,8,166,,,,
p22,put,12,587,p22,yes,8,166,,,,
p22,one,11,587,p22,divided,7,166,,,,
p22,``,11,587,p22,six,7,166,,,,
p22,'',11,587,p22,two,7,166,,,,
p22,five,10,587,p22,twenty,6,166,,,,
p22,get,10,587,p22,three,6,166,,,,
p22,'s,9,587,p22,seven,4,166,,,,
p22,need,9,587,p22,fifty,4,166,,,,
p22,six,9,587,p22,seventy,4,166,,,,
p22,multiply,9,587,p22,point,3,166,,,,
p22,miles,8,587,p22,eight,3,166,,,,
p22,paint,8,587,p22,four,2,166,,,,
p22,figure,8,587,p22,2,2,166,,,,
p22,bags,7,587,p22,by2,2,166,,,,
p22,okay,7,587,p22,twelve,1,166,,,,
p22,right,6,587,p22,says,1,166,,,,
p22,step,6,587,p22,charles,1,166,,,,
p22,sweet,6,587,p22,paper,1,166,,,,
p22,hundred,6,587,p22,something,1,166,,,,
p23,think,22,778,p23,one,29,562,,,,
p23,two,21,778,p23,five,29,562,,,,
p23,one,20,778,p23,ten,20,562,,,,
p23,three,18,778,p23,'s,19,562,,,,
p23,'m,18,778,p23,hundred,19,562,,,,
p23,figure,17,778,p23,multiply,19,562,,,,
p23,hundred,15,778,p23,equals,15,562,,,,
p23,five,14,778,p23,three,15,562,,,,
p23,okay,14,778,p23,point,13,562,,,,
p23,help,13,778,p23,seven,13,562,,,,
p23,get,13,778,p23,two,13,562,,,,
p23,step,13,778,p23,times,11,562,,,,
p23,put,13,778,p23,must,11,562,,,,
p23,``,13,778,p23,get,10,562,,,,
p23,'',13,778,p23,eight,9,562,,,,
p23,answer,13,778,p23,bag,8,562,,,,
p23,multiply,13,778,p23,miles,8,562,,,,
p23,'s,12,778,p23,would,8,562,,,,
p23,waterproof,11,778,p23,means,8,562,,,,
p23,great,11,778,p23,okay,8,562,,,,
p23,times,11,778,p23,eminem,7,562,,,,
p23,need,11,778,p23,hour,7,562,,,,
p23,sweet,10,778,p23,'re,7,562,,,,
p23,bags,10,778,p23,ratio,6,562,,,,
p23,go,9,778,p23,twenty,6,562,,,,
p24,two,31,612,p24,one,40,570,,,,
p24,three,22,612,p24,three,40,570,,,,
p24,one,19,612,p24,ten,32,570,,,,
p24,okay,16,612,p24,times,31,570,,,,
p24,multiply,16,612,p24,multiply,23,570,,,,
p24,five,14,612,p24,four,21,570,,,,
p24,put,14,612,p24,equal,21,570,,,,
p24,times,14,612,p24,two,21,570,,,,
p24,answer,14,612,p24,five,20,570,,,,
p24,step,13,612,p24,point,20,570,,,,
p24,think,13,612,p24,hundred,20,570,,,,
p24,problem,12,612,p24,six,16,570,,,,
p24,need,12,612,p24,'s,16,570,,,,
p24,ten,11,612,p24,yes,15,570,,,,
p24,point,11,612,p24,get,12,570,,,,
p24,next,11,612,p24,twenty,12,570,,,,
p24,get,10,612,p24,seven,12,570,,,,
p24,'s,9,612,p24,equals,11,570,,,,
p24,seven,9,612,p24,step,10,570,,,,
p24,figure,9,612,p24,eminem,9,570,,,,
p24,know,8,612,p24,hour,8,570,,,,
p24,paint,8,612,p24,divided,8,570,,,,
p24,miles,8,612,p24,miles,6,570,,,,
p24,six,8,612,p24,twelve,6,570,,,,
p24,help,7,612,p24,thing,6,570,,,,
p25,two,36,560,p25,times,33,363,,,,
p25,answer,20,560,p25,one,31,363,,,,
p25,put,18,560,p25,give,24,363,,,,
p25,three,17,560,p25,five,17,363,,,,
p25,think,14,560,p25,ten,16,363,,,,
p25,point,14,560,p25,point,15,363,,,,
p25,times,13,560,p25,seven,14,363,,,,
p25,twenty,13,560,p25,multiply,14,363,,,,
p25,one,12,560,p25,three,13,363,,,,
p25,step,12,560,p25,hundred,13,363,,,,
p25,okay,12,560,p25,two,11,363,,,,
p25,figure,11,560,p25,figure,10,363,,,,
p25,bags,11,560,p25,get,10,363,,,,
p25,five,10,560,p25,six,9,363,,,,
p25,'s,9,560,p25,yes,7,363,,,,
p25,seven,9,560,p25,answer,7,363,,,,
p25,need,9,560,p25,equal,6,363,,,,
p25,get,8,560,p25,thing,6,363,,,,
p25,hundred,8,560,p25,twelve,5,363,,,,
p25,help,7,560,p25,first,5,363,,,,
p25,``,7,560,p25,four,4,363,,,,
p25,'',7,560,p25,number,3,363,,,,
p25,multiply,7,560,p25,fraction,3,363,,,,
p25,miles,6,560,p25,gives,3,363,,,,
p25,paint,6,560,p25,'s,3,363,,,,
p26,two,20,814,p26,six,24,371,,,,
p26,three,18,814,p26,one,20,371,,,,
p26,answer,18,814,p26,times,19,371,,,,
p26,five,17,814,p26,three,14,371,,,,
p26,think,16,814,p26,five,12,371,,,,
p26,one,16,814,p26,ten,11,371,,,,
p26,figure,16,814,p26,well,11,371,,,,
p26,'s,15,814,p26,multiply,10,371,,,,
p26,great,14,814,p26,four,9,371,,,,
p26,multiply,14,814,p26,two,9,371,,,,
p26,put,13,814,p26,divided,9,371,,,,
p26,point,13,814,p26,point,8,371,,,,
p26,get,12,814,p26,ratio,7,371,,,,
p26,times,12,814,p26,hundred,7,371,,,,
p26,sweet,12,814,p26,answer,7,371,,,,
p26,step,11,814,p26,yes,6,371,,,,
p26,bags,11,814,p26,going,6,371,,,,
p26,okay,11,814,p26,twelve,6,371,,,,
p26,'m,11,814,p26,since,6,371,,,,
p26,go,10,814,p26,'re,6,371,,,,
p26,ratio,10,814,p26,skip,5,371,,,,
p26,know,9,814,p26,miles,5,371,,,,
p26,miles,9,814,p26,square,5,371,,,,
p26,twenty,9,814,p26,plus,5,371,,,,
p26,seven,9,814,p26,good,4,371,,,,
p27,three,22,504,p27,would,28,275,,,,
p27,one,14,504,p27,three,19,275,,,,
p27,two,14,504,p27,six,18,275,,,,
p27,need,12,504,p27,one,14,275,,,,
p27,times,11,504,p27,yes,9,275,,,,
p27,think,11,504,p27,ratio,9,275,,,,
p27,paint,11,504,p27,ten,9,275,,,,
p27,six,11,504,p27,two,8,275,,,,
p27,'s,10,504,p27,paint,8,275,,,,
p27,figure,10,504,p27,equal,8,275,,,,
p27,okay,10,504,p27,use,7,275,,,,
p27,get,9,504,p27,multiply,7,275,,,,
p27,put,9,504,p27,find,6,275,,,,
p27,answer,9,504,p27,hours,6,275,,,,
p27,miles,8,504,p27,volume,6,275,,,,
p27,much,7,504,p27,five,6,275,,,,
p27,``,7,504,p27,point,5,275,,,,
p27,'',7,504,p27,need,5,275,,,,
p27,help,6,504,p27,times,5,275,,,,
p27,step,6,504,p27,twelve,4,275,,,,
p27,great,6,504,p27,area,4,275,,,,
p27,sweet,6,504,p27,'s,4,275,,,,
p27,'m,6,504,p27,divide,3,275,,,,
p27,thinking,5,504,p27,surface,3,275,,,,
p27,five,5,504,p27,much,3,275,,,,
p28,know,25,843,p28,three,20,234,,,,
p28,five,23,843,p28,ten,18,234,,,,
p28,answer,20,843,p28,divided,17,234,,,,
p28,two,19,843,p28,one,13,234,,,,
p28,think,18,843,p28,five,13,234,,,,
p28,three,18,843,p28,times,12,234,,,,
p28,put,17,843,p28,point,10,234,,,,
p28,times,16,843,p28,would,10,234,,,,
p28,n't,15,843,p28,six,10,234,,,,
p28,'m,15,843,p28,hundred,10,234,,,,
p28,``,14,843,p28,twelve,8,234,,,,
p28,'',14,843,p28,two,7,234,,,,
p28,good,13,843,p28,seven,6,234,,,,
p28,great,13,843,p28,yes,5,234,,,,
p28,question,12,843,p28,multiply,5,234,,,,
p28,figure,12,843,p28,equal,5,234,,,,
p28,get,11,843,p28,bags,4,234,,,,
p28,point,11,843,p28,answer,3,234,,,,
p28,would,11,843,p28,'s,3,234,,,,
p28,okay,11,843,p28,says,2,234,,,,
p28,telling,10,843,p28,eighteen,2,234,,,,
p28,'s,10,843,p28,twenty,2,234,,,,
p28,one,10,843,p28,much,2,234,,,,
p28,hmmmm,10,843,p28,eighty,2,234,,,,
p28,mind,10,843,p28,eminem,2,234,,,,
p29,know,23,786,p29,'s,18,173,,,,
p29,think,16,786,p29,times,17,173,,,,
p29,answer,16,786,p29,answer,12,173,,,,
p29,put,15,786,p29,three,9,173,,,,
p29,two,15,786,p29,five,8,173,,,,
p29,n't,15,786,p29,multiply,7,173,,,,
p29,get,15,786,p29,one,7,173,,,,
p29,go,13,786,p29,yes,6,173,,,,
p29,five,13,786,p29,get,6,173,,,,
p29,'m,13,786,p29,twenty,5,173,,,,
p29,good,12,786,p29,two,5,173,,,,
p29,'s,12,786,p29,seven,4,173,,,,
p29,figure,12,786,p29,ten,4,173,,,,
p29,problem,11,786,p29,point,4,173,,,,
p29,telling,10,786,p29,find,4,173,,,,
p29,step,10,786,p29,hundred,4,173,,,,
p29,hmmmm,10,786,p29,go,3,173,,,,
p29,one,10,786,p29,six,3,173,,,,
p29,would,10,786,p29,add,3,173,,,,
p29,question,10,786,p29,correct,3,173,,,,
p29,three,10,786,p29,'re,3,173,,,,
p29,mind,10,786,p29,twelve,2,173,,,,
p29,remember,10,786,p29,want,2,173,,,,
p29,help,9,786,p29,fifty,2,173,,,,
p29,miles,9,786,p29,next,2,173,,,,
p3,think,21,644,p3,times,20,205,,,,
p3,two,21,644,p3,hundred,14,205,,,,
p3,times,16,644,p3,one,14,205,,,,
p3,answer,16,644,p3,ten,13,205,,,,
p3,three,15,644,p3,three,13,205,,,,
p3,'m,15,644,p3,yes,8,205,,,,
p3,hundred,14,644,p3,six,8,205,,,,
p3,five,13,644,p3,five,7,205,,,,
p3,one,13,644,p3,equals,6,205,,,,
p3,know,12,644,p3,seven,5,205,,,,
p3,get,11,644,p3,point,5,205,,,,
p3,put,11,644,p3,okay,5,205,,,,
p3,great,10,644,p3,two,5,205,,,,
p3,bags,10,644,p3,seventy,5,205,,,,
p3,okay,10,644,p3,twelve,4,205,,,,
p3,sure,9,644,p3,divided,4,205,,,,
p3,multiply,9,644,p3,'s,4,205,,,,
p3,bit,8,644,p3,thirty,3,205,,,,
p3,ten,8,644,p3,eminem,3,205,,,,
p3,'s,8,644,p3,covers,2,205,,,,
p3,little,8,644,p3,hey,2,205,,,,
p3,need,8,644,p3,four,2,205,,,,
p3,six,8,644,p3,total,2,205,,,,
p3,help,7,644,p3,fifty,2,205,,,,
p3,might,7,644,p3,per,2,205,,,,
p30,three,27,778,p30,skip,10,186,,,,
p30,think,24,778,p30,'s,10,186,,,,
p30,two,21,778,p30,right,8,186,,,,
p30,step,17,778,p30,answer,8,186,,,,
p30,'m,17,778,p30,count,7,186,,,,
p30,one,15,778,p30,yes,6,186,,,,
p30,times,14,778,p30,get,6,186,,,,
p30,six,14,778,p30,six,5,186,,,,
p30,get,13,778,p30,two,5,186,,,,
p30,put,13,778,p30,multiply,5,186,,,,
p30,n't,13,778,p30,five,5,186,,,,
p30,problem,12,778,p30,like,5,186,,,,
p30,answer,12,778,p30,times,5,186,,,,
p30,figure,11,778,p30,three,5,186,,,,
p30,miles,10,778,p30,counting,4,186,,,,
p30,'s,10,778,p30,got,4,186,,,,
p30,hours,10,778,p30,yet,3,186,,,,
p30,great,10,778,p30,ratio,3,186,,,,
p30,sweet,10,778,p30,going,3,186,,,,
p30,``,10,778,p30,know,3,186,,,,
p30,'',10,778,p30,think,3,186,,,,
p30,multiply,10,778,p30,point,2,186,,,,
p30,paint,9,778,p30,number,2,186,,,,
p30,much,9,778,p30,cuz,2,186,,,,
p30,need,9,778,p30,another,2,186,,,,
p31,two,29,531,p31,yes,15,150,,,,
p31,three,21,531,p31,multiply,13,150,,,,
p31,multiply,19,531,p31,ten,11,150,,,,
p31,times,17,531,p31,one,11,150,,,,
p31,answer,17,531,p31,six,11,150,,,,
p31,one,15,531,p31,times,10,150,,,,
p31,five,14,531,p31,would,8,150,,,,
p31,put,14,531,p31,three,8,150,,,,
p31,hundred,11,531,p31,hundred,6,150,,,,
p31,six,11,531,p31,twelve,4,150,,,,
p31,think,10,531,p31,divided,4,150,,,,
p31,point,9,531,p31,answer,4,150,,,,
p31,figure,9,531,p31,get,4,150,,,,
p31,bags,9,531,p31,seven,3,150,,,,
p31,twenty,8,531,p31,point,3,150,,,,
p31,seven,8,531,p31,four,3,150,,,,
p31,``,8,531,p31,equals,3,150,,,,
p31,'',8,531,p31,five,3,150,,,,
p31,need,8,531,p31,fifty,3,150,,,,
p31,okay,8,531,p31,seventy,3,150,,,,
p31,help,7,531,p31,divide,2,150,,,,
p31,get,7,531,p31,two,2,150,,,,
p31,step,7,531,p31,dance,1,150,,,,
p31,paint,7,531,p31,siri,1,150,,,,
p31,four,6,531,p31,yeah,1,150,,,,
p32,two,24,827,p32,yes,32,484,,,,
p32,five,21,827,p32,'re,25,484,,,,
p32,answer,17,827,p32,'s,19,484,,,,
p32,get,16,827,p32,one,19,484,,,,
p32,think,16,827,p32,times,18,484,,,,
p32,point,16,827,p32,step,17,484,,,,
p32,sweet,16,827,p32,point,15,484,,,,
p32,three,16,827,p32,two,15,484,,,,
p32,put,14,827,p32,six,13,484,,,,
p32,'s,13,827,p32,ten,12,484,,,,
p32,great,13,827,p32,three,12,484,,,,
p32,one,13,827,p32,five,11,484,,,,
p32,times,12,827,p32,right,11,484,,,,
p32,``,12,827,p32,going,10,484,,,,
p32,'',12,827,p32,hundred,10,484,,,,
p32,okay,12,827,p32,put,9,484,,,,
p32,go,11,827,p32,four,8,484,,,,
p32,problem,11,827,p32,go,8,484,,,,
p32,figure,11,827,p32,seven,8,484,,,,
p32,bags,11,827,p32,okay,8,484,,,,
p32,multiply,11,827,p32,multiply,8,484,,,,
p32,'m,11,827,p32,let,7,484,,,,
p32,next,10,827,p32,twenty,7,484,,,,
p32,hundred,10,827,p32,want,7,484,,,,
p32,four,9,827,p32,equals,6,484,,,,
p33,three,33,820,p33,ten,34,468,,,,
p33,two,24,820,p33,times,30,468,,,,
p33,think,19,820,p33,three,29,468,,,,
p33,one,18,820,p33,one,25,468,,,,
p33,point,17,820,p33,multiply,15,468,,,,
p33,put,16,820,p33,point,14,468,,,,
p33,times,16,820,p33,four,12,468,,,,
p33,answer,16,820,p33,miles,12,468,,,,
p33,okay,15,820,p33,hundred,10,468,,,,
p33,'s,14,820,p33,seven,10,468,,,,
p33,know,12,820,p33,six,10,468,,,,
p33,sweet,12,820,p33,'s,10,468,,,,
p33,need,12,820,p33,two,10,468,,,,
p33,five,11,820,p33,many,9,468,,,,
p33,get,11,820,p33,five,9,468,,,,
p33,paint,11,820,p33,yes,8,468,,,,
p33,seven,11,820,p33,would,8,468,,,,
p33,figure,11,820,p33,get,7,468,,,,
p33,multiply,11,820,p33,thirty,7,468,,,,
p33,step,10,820,p33,hour,7,468,,,,
p33,great,10,820,p33,divided,7,468,,,,
p33,hundred,10,820,p33,twelve,6,468,,,,
p33,awesome,10,820,p33,hours,6,468,,,,
p33,ten,9,820,p33,divide,6,468,,,,
p33,twenty,9,820,p33,need,6,468,,,,
p34,step,39,836,p34,'s,18,304,,,,
p34,answer,29,836,p34,times,18,304,,,,
p34,two,27,836,p34,five,14,304,,,,
p34,problem,26,836,p34,one,14,304,,,,
p34,put,19,836,p34,answer,14,304,,,,
p34,figure,18,836,p34,six,12,304,,,,
p34,five,17,836,p34,yes,10,304,,,,
p34,think,17,836,p34,three,9,304,,,,
p34,next,16,836,p34,yep,8,304,,,,
p34,third,16,836,p34,twenty,7,304,,,,
p34,one,15,836,p34,'re,7,304,,,,
p34,know,14,836,p34,seven,7,304,,,,
p34,twenty,14,836,p34,divided,7,304,,,,
p34,sure,14,836,p34,eight,7,304,,,,
p34,explain,13,836,p34,find,5,304,,,,
p34,okay,13,836,p34,going,5,304,,,,
p34,point,13,836,p34,get,5,304,,,,
p34,n't,13,836,p34,ten,5,304,,,,
p34,three,13,836,p34,plus,5,304,,,,
p34,need,13,836,p34,hundred,5,304,,,,
p34,get,13,836,p34,trying,5,304,,,,
p34,'s,13,836,p34,four,4,304,,,,
p34,go,11,836,p34,two,4,304,,,,
p34,'re,11,836,p34,need,4,304,,,,
p34,'m,11,836,p34,fifty,3,304,,,,
p35,okay,21,765,p35,times,21,267,,,,
p35,two,21,765,p35,need,19,267,,,,
p35,multiply,17,765,p35,multiply,18,267,,,,
p35,put,16,765,p35,one,14,267,,,,
p35,answer,16,765,p35,yes,12,267,,,,
p35,five,15,765,p35,'s,11,267,,,,
p35,three,15,765,p35,six,11,267,,,,
p35,get,14,765,p35,ten,9,267,,,,
p35,great,14,765,p35,divide,9,267,,,,
p35,think,14,765,p35,three,9,267,,,,
p35,``,14,765,p35,divided,8,267,,,,
p35,'',14,765,p35,two,8,267,,,,
p35,'m,14,765,p35,hundred,8,267,,,,
p35,one,13,765,p35,seven,6,267,,,,
p35,figure,13,765,p35,buy,5,267,,,,
p35,sweet,11,765,p35,point,4,267,,,,
p35,need,11,765,p35,twenty,4,267,,,,
p35,'s,11,765,p35,yeah,4,267,,,,
p35,help,10,765,p35,forty,4,267,,,,
p35,step,9,765,p35,way,4,267,,,,
p35,times,9,765,p35,four,4,267,,,,
p35,point,9,765,p35,easy,3,267,,,,
p35,twenty,9,765,p35,needed,3,267,,,,
p35,bags,9,765,p35,correct,3,267,,,,
p35,paint,8,765,p35,eighty,3,267,,,,
p36,two,30,810,p36,one,26,365,,,,
p36,think,20,810,p36,ten,17,365,,,,
p36,point,19,810,p36,times,17,365,,,,
p36,three,19,810,p36,would,15,365,,,,
p36,answer,19,810,p36,six,14,365,,,,
p36,times,17,810,p36,four,11,365,,,,
p36,put,16,810,p36,five,11,365,,,,
p36,one,16,810,p36,multiply,11,365,,,,
p36,get,14,810,p36,divided,10,365,,,,
p36,'s,14,810,p36,two,9,365,,,,
p36,figure,14,810,p36,figure,9,365,,,,
p36,twenty,13,810,p36,answer,9,365,,,,
p36,six,13,810,p36,equals,8,365,,,,
p36,five,12,810,p36,hundred,8,365,,,,
p36,sweet,12,810,p36,first,7,365,,,,
p36,seven,12,810,p36,point,7,365,,,,
p36,``,12,810,p36,three,7,365,,,,
p36,'',12,810,p36,ratio,6,365,,,,
p36,multiply,11,810,p36,get,6,365,,,,
p36,know,10,810,p36,'s,6,365,,,,
p36,hundred,10,810,p36,since,6,365,,,,
p36,ratio,9,810,p36,twenty,6,365,,,,
p36,ten,9,810,p36,need,6,365,,,,
p36,awesome,9,810,p36,yes,5,365,,,,
p36,okay,9,810,p36,got,5,365,,,,
p37,two,23,791,p37,ten,21,333,,,,
p37,three,21,791,p37,one,18,333,,,,
p37,think,19,791,p37,get,14,333,,,,
p37,multiply,17,791,p37,correct,11,333,,,,
p37,'m,17,791,p37,divide,10,333,,,,
p37,one,16,791,p37,hundred,10,333,,,,
p37,times,15,791,p37,know,9,333,,,,
p37,five,14,791,p37,multiply,9,333,,,,
p37,figure,13,791,p37,five,8,333,,,,
p37,answer,13,791,p37,put,7,333,,,,
p37,put,12,791,p37,next,7,333,,,,
p37,great,12,791,p37,eminem,6,333,,,,
p37,sweet,12,791,p37,much,6,333,,,,
p37,bags,12,791,p37,six,6,333,,,,
p37,okay,12,791,p37,'s,6,333,,,,
p37,``,11,791,p37,two,6,333,,,,
p37,hundred,11,791,p37,yes,5,333,,,,
p37,'',11,791,p37,good,5,333,,,,
p37,get,10,791,p37,plus,5,333,,,,
p37,step,10,791,p37,point,5,333,,,,
p37,go,9,791,p37,total,5,333,,,,
p37,'s,9,791,p37,fraction,5,333,,,,
p37,need,9,791,p37,need,5,333,,,,
p37,thinking,8,791,p37,nika,5,333,,,,
p37,miles,8,791,p37,miles,4,333,,,,
p38,two,28,753,p38,times,30,277,,,,
p38,five,21,753,p38,yes,16,277,,,,
p38,'s,21,753,p38,correct,16,277,,,,
p38,one,18,753,p38,one,15,277,,,,
p38,answer,18,753,p38,good,15,277,,,,
p38,'m,18,753,p38,ten,14,277,,,,
p38,put,17,753,p38,job,14,277,,,,
p38,next,17,753,p38,hundred,11,277,,,,
p38,times,15,753,p38,six,10,277,,,,
p38,point,15,753,p38,three,9,277,,,,
p38,hundred,15,753,p38,five,9,277,,,,
p38,think,14,753,p38,seven,8,277,,,,
p38,three,14,753,p38,would,7,277,,,,
p38,figure,14,753,p38,divided,7,277,,,,
p38,really,13,753,p38,point,6,277,,,,
p38,bags,13,753,p38,four,4,277,,,,
p38,twenty,12,753,p38,seventy,4,277,,,,
p38,multiply,12,753,p38,twelve,3,277,,,,
p38,know,11,753,p38,forty,3,277,,,,
p38,step,11,753,p38,'s,3,277,,,,
p38,n't,11,753,p38,eight,3,277,,,,
p38,sure,11,753,p38,thirty,3,277,,,,
p38,need,10,753,p38,equal,3,277,,,,
p38,okay,10,753,p38,two,3,277,,,,
p38,help,9,753,p38,total,2,277,,,,
p39,three,21,492,p39,three,16,223,,,,
p39,need,15,492,p39,one,14,223,,,,
p39,paint,14,492,p39,ten,13,223,,,,
p39,times,12,492,p39,need,12,223,,,,
p39,one,12,492,p39,multiply,10,223,,,,
p39,much,12,492,p39,area,9,223,,,,
p39,think,11,492,p39,six,9,223,,,,
p39,two,11,492,p39,fluid,9,223,,,,
p39,okay,10,492,p39,surface,9,223,,,,
p39,put,9,492,p39,divide,7,223,,,,
p39,figure,9,492,p39,square,6,223,,,,
p39,answer,9,492,p39,paint,6,223,,,,
p39,'s,8,492,p39,torso,6,223,,,,
p39,great,8,492,p39,inches,5,223,,,,
p39,get,7,492,p39,miles,5,223,,,,
p39,``,7,492,p39,takes,4,223,,,,
p39,'',7,492,p39,thirty,4,223,,,,
p39,multiply,7,492,p39,hour,4,223,,,,
p39,'m,7,492,p39,times,4,223,,,,
p39,help,6,492,p39,oz,4,223,,,,
p39,thinking,6,492,p39,know,4,223,,,,
p39,miles,6,492,p39,covers,3,223,,,,
p39,step,6,492,p39,find,3,223,,,,
p39,first,6,492,p39,much,3,223,,,,
p39,feet,6,492,p39,hundred,3,223,,,,
p4,think,25,879,p4,going,16,259,,,,
p4,two,23,879,p4,'re,14,259,,,,
p4,three,20,879,p4,yes,12,259,,,,
p4,okay,19,879,p4,times,12,259,,,,
p4,times,18,879,p4,one,12,259,,,,
p4,figure,18,879,p4,five,9,259,,,,
p4,'',18,879,p4,divided,9,259,,,,
p4,``,16,879,p4,ten,8,259,,,,
p4,'m,16,879,p4,point,8,259,,,,
p4,help,14,879,p4,three,8,259,,,,
p4,hundred,14,879,p4,six,8,259,,,,
p4,get,14,879,p4,four,7,259,,,,
p4,multiply,14,879,p4,equals,7,259,,,,
p4,five,13,879,p4,hundred,7,259,,,,
p4,sweet,13,879,p4,seven,5,259,,,,
p4,'s,12,879,p4,two,5,259,,,,
p4,great,12,879,p4,divide,4,259,,,,
p4,one,12,879,p4,want,4,259,,,,
p4,answer,12,879,p4,twelve,3,259,,,,
p4,put,11,879,p4,forty,3,259,,,,
p4,hard,10,879,p4,correct,3,259,,,,
p4,step,10,879,p4,multiply,3,259,,,,
p4,problem,10,879,p4,fraction,3,259,,,,
p4,bags,10,879,p4,basically,3,259,,,,
p4,need,10,879,p4,surface,3,259,,,,
p40,two,16,536,p40,hundred,18,136,,,,
p40,answer,14,536,p40,one,15,136,,,,
p40,five,12,536,p40,ten,12,136,,,,
p40,put,12,536,p40,yes,9,136,,,,
p40,times,12,536,p40,five,9,136,,,,
p40,three,12,536,p40,times,8,136,,,,
p40,think,11,536,p40,twenty,7,136,,,,
p40,get,10,536,p40,two,7,136,,,,
p40,one,10,536,p40,three,4,136,,,,
p40,hundred,10,536,p40,'s,4,136,,,,
p40,bags,10,536,p40,fifty,4,136,,,,
p40,'s,9,536,p40,minus,4,136,,,,
p40,'m,9,536,p40,equals,3,136,,,,
p40,need,8,536,p40,bag,3,136,,,,
p40,help,7,536,p40,bags,2,136,,,,
p40,step,7,536,p40,six,2,136,,,,
p40,figure,7,536,p40,eminem,2,136,,,,
p40,okay,6,536,p40,eight,2,136,,,,
p40,great,6,536,p40,plus,2,136,,,,
p40,``,6,536,p40,know,2,136,,,,
p40,awesome,6,536,p40,twelve,1,136,,,,
p40,'',6,536,p40,seven,1,136,,,,
p40,six,6,536,p40,dead,1,136,,,,
p40,multiply,6,536,p40,zero,1,136,,,,
p40,go,5,536,p40,total,1,136,,,,
p41,multiply,19,573,p41,multiply,24,226,,,,
p41,two,17,573,p41,get,19,226,,,,
p41,three,16,573,p41,one,16,226,,,,
p41,think,15,573,p41,six,12,226,,,,
p41,five,12,573,p41,five,9,226,,,,
p41,get,12,573,p41,ten,8,226,,,,
p41,put,12,573,p41,three,8,226,,,,
p41,answer,12,573,p41,yes,7,226,,,,
p41,times,11,573,p41,hundred,7,226,,,,
p41,okay,11,573,p41,seven,6,226,,,,
p41,one,10,573,p41,step,6,226,,,,
p41,great,9,573,p41,think,6,226,,,,
p41,figure,9,573,p41,point,5,226,,,,
p41,``,9,573,p41,two,5,226,,,,
p41,'',9,573,p41,times,5,226,,,,
p41,need,9,573,p41,divided,5,226,,,,
p41,bags,9,573,p41,correct,5,226,,,,
p41,hundred,8,573,p41,would,4,226,,,,
p41,'m,8,573,p41,next,4,226,,,,
p41,help,7,573,p41,twelve,3,226,,,,
p41,miles,7,573,p41,yep,3,226,,,,
p41,'s,7,573,p41,like,3,226,,,,
p41,step,7,573,p41,divide,2,226,,,,
p41,paint,7,573,p41,want,2,226,,,,
p41,awesome,7,573,p41,go,2,226,,,,
p42,two,33,640,p42,one,35,565,,,,
p42,three,25,640,p42,going,34,565,,,,
p42,five,21,640,p42,two,28,565,,,,
p42,answer,18,640,p42,times,26,565,,,,
p42,put,17,640,p42,twenty,26,565,,,,
p42,times,17,640,p42,hundred,24,565,,,,
p42,one,17,640,p42,equals,22,565,,,,
p42,point,16,640,p42,point,22,565,,,,
p42,okay,15,640,p42,three,22,565,,,,
p42,figure,14,640,p42,six,22,565,,,,
p42,step,13,640,p42,'re,19,565,,,,
p42,ten,12,640,p42,five,18,565,,,,
p42,need,12,640,p42,would,18,565,,,,
p42,multiply,12,640,p42,yes,17,565,,,,
p42,paint,11,640,p42,answer,15,565,,,,
p42,hundred,10,640,p42,divided,13,565,,,,
p42,seven,10,640,p42,ten,12,565,,,,
p42,think,9,640,p42,nine,12,565,,,,
p42,bags,9,640,p42,'s,11,565,,,,
p42,help,8,640,p42,fifty,10,565,,,,
p42,twenty,8,640,p42,seven,10,565,,,,
p42,six,8,640,p42,'m,10,565,,,,
p42,four,7,640,p42,equal,8,565,,,,
p42,go,7,640,p42,eight,8,565,,,,
p42,guess,7,640,p42,four,7,565,,,,
p43,two,20,542,p43,plus,13,138,,,,
p43,three,17,542,p43,ten,9,138,,,,
p43,answer,16,542,p43,one,8,138,,,,
p43,put,15,542,p43,yes,8,138,,,,
p43,think,14,542,p43,twelve,6,138,,,,
p43,need,14,542,p43,six,6,138,,,,
p43,okay,13,542,p43,three,6,138,,,,
p43,times,12,542,p43,five,6,138,,,,
p43,figure,12,542,p43,find,5,138,,,,
p43,know,11,542,p43,would,5,138,,,,
p43,step,11,542,p43,'s,5,138,,,,
p43,help,9,542,p43,multiply,4,138,,,,
p43,five,9,542,p43,times,4,138,,,,
p43,twenty,9,542,p43,point,3,138,,,,
p43,paint,8,542,p43,answer,3,138,,,,
p43,point,8,542,p43,hundred,3,138,,,,
p43,n't,8,542,p43,correct,3,138,,,,
p43,one,7,542,p43,minus,2,138,,,,
p43,'m,7,542,p43,add,2,138,,,,
p43,four,6,542,p43,subtract,2,138,,,,
p43,far,6,542,p43,adam,2,138,,,,
p43,'s,6,542,p43,two,2,138,,,,
p43,feet,6,542,p43,seven,1,138,,,,
p43,``,6,542,p43,divide,1,138,,,,
p43,'',6,542,p43,number,1,138,,,,
p44,two,26,446,p44,one,19,268,,,,
p44,multiply,17,446,p44,six,14,268,,,,
p44,three,14,446,p44,multiply,13,268,,,,
p44,five,13,446,p44,would,13,268,,,,
p44,one,12,446,p44,ten,11,268,,,,
p44,okay,11,446,p44,yes,8,268,,,,
p44,get,10,446,p44,get,8,268,,,,
p44,put,10,446,p44,five,7,268,,,,
p44,times,10,446,p44,times,7,268,,,,
p44,six,9,446,p44,three,7,268,,,,
p44,answer,9,446,p44,hundred,7,268,,,,
p44,step,8,446,p44,need,6,268,,,,
p44,hundred,8,446,p44,thing,5,268,,,,
p44,figure,8,446,p44,two,5,268,,,,
p44,need,8,446,p44,'s,5,268,,,,
p44,bags,8,446,p44,quantity,5,268,,,,
p44,help,7,446,p44,current,4,268,,,,
p44,ten,7,446,p44,equals,4,268,,,,
p44,think,7,446,p44,amount,4,268,,,,
p44,paint,7,446,p44,divide,4,268,,,,
p44,problem,7,446,p44,point,4,268,,,,
p44,'m,7,446,p44,distance,4,268,,,,
p44,twenty,6,446,p44,seven,4,268,,,,
p44,though,6,446,p44,eight,4,268,,,,
p44,go,5,446,p44,find,3,268,,,,
p45,two,18,519,p45,times,14,123,,,,
p45,three,17,519,p45,three,9,123,,,,
p45,answer,12,519,p45,one,9,123,,,,
p45,'s,11,519,p45,ten,8,123,,,,
p45,times,11,519,p45,six,8,123,,,,
p45,one,11,519,p45,equals,8,123,,,,
p45,put,10,519,p45,yes,6,123,,,,
p45,think,10,519,p45,divided,4,123,,,,
p45,get,10,519,p45,hundred,4,123,,,,
p45,``,9,519,p45,plus,4,123,,,,
p45,'',9,519,p45,two,3,123,,,,
p45,'m,9,519,p45,eight,3,123,,,,
p45,six,8,519,p45,five,3,123,,,,
p45,miles,8,519,p45,since,2,123,,,,
p45,need,8,519,p45,point,2,123,,,,
p45,step,7,519,p45,yeah,2,123,,,,
p45,paint,7,519,p45,get,2,123,,,,
p45,figure,7,519,p45,sixty,2,123,,,,
p45,okay,7,519,p45,thirty,2,123,,,,
p45,multiply,7,519,p45,divide,1,123,,,,
p45,help,6,519,p45,cheat,1,123,,,,
p45,right,6,519,p45,image,1,123,,,,
p45,oh,6,519,p45,four,1,123,,,,
p45,sweet,6,519,p45,attempts,1,123,,,,
p45,five,5,519,p45,counting,1,123,,,,
p46,two,28,847,p46,one,36,485,,,,
p46,three,25,847,p46,times,35,485,,,,
p46,five,21,847,p46,ten,24,485,,,,
p46,times,20,847,p46,equals,24,485,,,,
p46,think,19,847,p46,five,23,485,,,,
p46,point,19,847,p46,three,19,485,,,,
p46,answer,19,847,p46,point,15,485,,,,
p46,one,18,847,p46,divided,14,485,,,,
p46,put,16,847,p46,two,14,485,,,,
p46,twenty,14,847,p46,know,12,485,,,,
p46,sweet,13,847,p46,okay,12,485,,,,
p46,hundred,13,847,p46,seven,12,485,,,,
p46,figure,13,847,p46,would,11,485,,,,
p46,get,12,847,p46,answer,11,485,,,,
p46,know,12,847,p46,four,10,485,,,,
p46,'s,12,847,p46,hundred,9,485,,,,
p46,'m,12,847,p46,yeah,8,485,,,,
p46,seven,11,847,p46,twenty,8,485,,,,
p46,bags,11,847,p46,six,8,485,,,,
p46,``,10,847,p46,'s,7,485,,,,
p46,'',10,847,p46,good,6,485,,,,
p46,go,9,847,p46,bottom,6,485,,,,
p46,great,9,847,p46,job,6,485,,,,
p46,awesome,9,847,p46,got,5,485,,,,
p46,okay,9,847,p46,already,5,485,,,,
p47,two,31,696,p47,times,26,394,,,,
p47,point,22,696,p47,number,25,394,,,,
p47,three,20,696,p47,one,22,394,,,,
p47,figure,18,696,p47,ten,20,394,,,,
p47,think,17,696,p47,three,17,394,,,,
p47,five,16,696,p47,five,17,394,,,,
p47,put,15,696,p47,point,16,394,,,,
p47,far,14,696,p47,'s,14,394,,,,
p47,'s,14,696,p47,six,13,394,,,,
p47,answer,14,696,p47,divided,11,394,,,,
p47,okay,14,696,p47,two,11,394,,,,
p47,one,13,696,p47,equals,10,394,,,,
p47,twenty,13,696,p47,yeah,10,394,,,,
p47,get,11,696,p47,equal,9,394,,,,
p47,times,11,696,p47,well,8,394,,,,
p47,help,10,696,p47,would,8,394,,,,
p47,seven,10,696,p47,missing,8,394,,,,
p47,bags,10,696,p47,twelve,7,394,,,,
p47,nancy,10,696,p47,thirty,7,394,,,,
p47,ten,9,696,p47,seven,6,394,,,,
p47,step,9,696,p47,like,6,394,,,,
p47,feet,9,696,p47,see,5,394,,,,
p47,'m,8,696,p47,got,5,394,,,,
p47,ratio,7,696,p47,9.2,5,394,,,,
p47,give,7,696,p47,many,5,394,,,,
p48,two,26,768,p48,times,30,298,,,,
p48,three,21,768,p48,one,25,298,,,,
p48,think,19,768,p48,two,20,298,,,,
p48,one,18,768,p48,hundred,18,298,,,,
p48,five,17,768,p48,ten,17,298,,,,
p48,'m,17,768,p48,equals,17,298,,,,
p48,times,16,768,p48,could,17,298,,,,
p48,answer,16,768,p48,divided,16,298,,,,
p48,get,15,768,p48,three,16,298,,,,
p48,put,15,768,p48,five,15,298,,,,
p48,``,14,768,p48,twenty,14,298,,,,
p48,'',14,768,p48,point,12,298,,,,
p48,multiply,14,768,p48,six,11,298,,,,
p48,okay,13,768,p48,yes,10,298,,,,
p48,'s,12,768,p48,four,6,298,,,,
p48,hundred,12,768,p48,seven,5,298,,,,
p48,point,11,768,p48,fifty,5,298,,,,
p48,figure,11,768,p48,forty,4,298,,,,
p48,twenty,10,768,p48,equal,4,298,,,,
p48,help,9,768,p48,give,3,298,,,,
p48,bags,9,768,p48,skip,3,298,,,,
p48,six,9,768,p48,plus,3,298,,,,
p48,miles,8,768,p48,eight,3,298,,,,
p48,ten,8,768,p48,nine,2,298,,,,
p48,great,8,768,p48,th,2,298,,,,
p49,three,30,852,p49,one,22,291,,,,
p49,two,24,852,p49,ten,21,291,,,,
p49,think,23,852,p49,multiply,15,291,,,,
p49,multiply,20,852,p49,supposed,15,291,,,,
p49,five,17,852,p49,yes,14,291,,,,
p49,sweet,17,852,p49,three,13,291,,,,
p49,one,17,852,p49,divide,12,291,,,,
p49,put,15,852,p49,six,11,291,,,,
p49,times,15,852,p49,five,10,291,,,,
p49,point,15,852,p49,point,9,291,,,,
p49,seven,14,852,p49,make,9,291,,,,
p49,figure,14,852,p49,hundred,9,291,,,,
p49,bags,14,852,p49,equivalent,9,291,,,,
p49,'m,14,852,p49,two,9,291,,,,
p49,go,13,852,p49,correct,8,291,,,,
p49,get,13,852,p49,seven,7,291,,,,
p49,``,13,852,p49,thirty,7,291,,,,
p49,'',13,852,p49,twelve,5,291,,,,
p49,answer,13,852,p49,twenty,5,291,,,,
p49,'s,13,852,p49,miles,5,291,,,,
p49,hundred,12,852,p49,get,5,291,,,,
p49,problem,11,852,p49,would,4,291,,,,
p49,awesome,11,852,p49,answer,4,291,,,,
p49,six,10,852,p49,'s,4,291,,,,
p49,miles,10,852,p49,hour,4,291,,,,
p5,three,25,446,p5,square,26,486,,,,
p5,need,21,446,p5,one,22,486,,,,
p5,paint,20,446,p5,inches,22,486,,,,
p5,one,14,446,p5,fluid,21,486,,,,
p5,much,14,446,p5,paint,21,486,,,,
p5,two,14,446,p5,six,19,486,,,,
p5,okay,13,446,p5,three,18,486,,,,
p5,times,11,446,p5,ounces,16,486,,,,
p5,figure,11,446,p5,went,15,486,,,,
p5,six,11,446,p5,ten,15,486,,,,
p5,put,10,446,p5,legs,14,486,,,,
p5,answer,9,446,p5,miles,13,486,,,,
p5,feet,8,446,p5,feet,12,486,,,,
p5,get,7,446,p5,twelve,11,486,,,,
p5,think,7,446,p5,need,11,486,,,,
p5,miles,6,446,p5,would,10,486,,,,
p5,step,6,446,p5,yes,9,486,,,,
p5,look,6,446,p5,oz,9,486,,,,
p5,``,6,446,p5,since,8,486,,,,
p5,'',6,446,p5,plus,7,486,,,,
p5,multiply,6,446,p5,unknown,7,486,,,,
p5,help,5,446,p5,head,7,486,,,,
p5,five,5,446,p5,hour,7,486,,,,
p5,ten,5,446,p5,two,7,486,,,,
p5,first,5,446,p5,half,6,486,,,,
p50,two,21,394,p50,times,12,116,,,,
p50,three,21,394,p50,six,9,116,,,,
p50,five,13,394,p50,multiply,9,116,,,,
p50,put,12,394,p50,one,9,116,,,,
p50,times,12,394,p50,five,8,116,,,,
p50,answer,12,394,p50,ten,6,116,,,,
p50,six,11,394,p50,equals,6,116,,,,
p50,one,10,394,p50,three,5,116,,,,
p50,multiply,10,394,p50,hundred,5,116,,,,
p50,hundred,9,394,p50,correct,5,116,,,,
p50,paint,8,394,p50,yes,4,116,,,,
p50,need,8,394,p50,equal,4,116,,,,
p50,bags,8,394,p50,twenty,3,116,,,,
p50,help,7,394,p50,cuz,3,116,,,,
p50,step,7,394,p50,twelve,2,116,,,,
p50,figure,7,394,p50,divide,2,116,,,,
p50,okay,7,394,p50,'s,2,116,,,,
p50,miles,6,394,p50,candy,2,116,,,,
p50,first,6,394,p50,people,1,116,,,,
p50,hint,5,394,p50,cross,1,116,,,,
p50,get,5,394,p50,four,1,116,,,,
p50,ten,5,394,p50,need,1,116,,,,
p50,hours,5,394,p50,best,1,116,,,,
p50,think,5,394,p50,bags,1,116,,,,
p50,twenty,5,394,p50,divided,1,116,,,,
p51,two,22,714,p51,times,20,159,,,,
p51,'m,18,714,p51,ten,15,159,,,,
p51,know,17,714,p51,hundred,11,159,,,,
p51,put,16,714,p51,five,10,159,,,,
p51,think,16,714,p51,three,9,159,,,,
p51,'',16,714,p51,yes,7,159,,,,
p51,answer,16,714,p51,one,7,159,,,,
p51,``,14,714,p51,six,5,159,,,,
p51,n't,13,714,p51,twelve,4,159,,,,
p51,five,11,714,p51,seven,4,159,,,,
p51,good,10,714,p51,divide,4,159,,,,
p51,get,10,714,p51,point,4,159,,,,
p51,twenty,10,714,p51,four,4,159,,,,
p51,three,10,714,p51,surface,3,159,,,,
p51,figure,10,714,p51,area,3,159,,,,
p51,help,9,714,p51,fifty,3,159,,,,
p51,point,9,714,p51,divided,3,159,,,,
p51,'s,8,714,p51,multiply,3,159,,,,
p51,great,8,714,p51,seventy,3,159,,,,
p51,times,8,714,p51,plus,3,159,,,,
p51,problem,8,714,p51,total,2,159,,,,
p51,really,7,714,p51,figure,2,159,,,,
p51,sweet,7,714,p51,'s,2,159,,,,
p51,question,7,714,p51,amount,2,159,,,,
p51,hundred,7,714,p51,twenty,2,159,,,,
p52,two,33,959,p52,ten,25,433,,,,
p52,okay,21,959,p52,five,21,433,,,,
p52,great,19,959,p52,one,21,433,,,,
p52,think,19,959,p52,yes,18,433,,,,
p52,get,18,959,p52,know,15,433,,,,
p52,put,18,959,p52,would,15,433,,,,
p52,answer,18,959,p52,well,15,433,,,,
p52,point,17,959,p52,six,14,433,,,,
p52,``,17,959,p52,point,13,433,,,,
p52,'',17,959,p52,two,13,433,,,,
p52,three,16,959,p52,get,11,433,,,,
p52,figure,16,959,p52,multiply,11,433,,,,
p52,'m,16,959,p52,'s,10,433,,,,
p52,five,14,959,p52,hundred,9,433,,,,
p52,'s,13,959,p52,divided,8,433,,,,
p52,twenty,13,959,p52,four,7,433,,,,
p52,one,12,959,p52,times,7,433,,,,
p52,step,11,959,p52,eight,7,433,,,,
p52,sweet,11,959,p52,half,6,433,,,,
p52,hundred,11,959,p52,twelve,6,433,,,,
p52,need,11,959,p52,twenty,6,433,,,,
p52,far,10,959,p52,three,6,433,,,,
p52,help,9,959,p52,hour,6,433,,,,
p52,miles,9,959,p52,seven,6,433,,,,
p52,eee,9,959,p52,time,6,433,,,,
p53,one,22,831,p53,one,34,583,,,,
p53,three,21,831,p53,yes,23,583,,,,
p53,answer,20,831,p53,five,23,583,,,,
p53,two,20,831,p53,ten,22,583,,,,
p53,think,19,831,p53,us,21,583,,,,
p53,times,18,831,p53,four,18,583,,,,
p53,five,16,831,p53,point,17,583,,,,
p53,get,16,831,p53,divided,17,583,,,,
p53,put,16,831,p53,two,17,583,,,,
p53,point,14,831,p53,give,16,583,,,,
p53,okay,14,831,p53,first,15,583,,,,
p53,``,13,831,p53,equals,13,583,,,,
p53,figure,13,831,p53,times,13,583,,,,
p53,'',13,831,p53,'s,13,583,,,,
p53,multiply,13,831,p53,three,12,583,,,,
p53,four,12,831,p53,hundred,12,583,,,,
p53,twenty,12,831,p53,multiply,12,583,,,,
p53,'s,11,831,p53,eminem,11,583,,,,
p53,sweet,11,831,p53,distance,11,583,,,,
p53,'m,11,831,p53,answer,11,583,,,,
p53,hundred,10,831,p53,twenty,10,583,,,,
p53,seven,10,831,p53,need,9,583,,,,
p53,need,10,831,p53,six,9,583,,,,
p53,help,9,831,p53,fifty,8,583,,,,
p53,step,9,831,p53,know,8,583,,,,
p54,three,35,616,p54,equals,45,346,,,,
p54,two,28,616,p54,times,44,346,,,,
p54,times,24,616,p54,three,37,346,,,,
p54,five,18,616,p54,six,27,346,,,,
p54,one,16,616,p54,ten,18,346,,,,
p54,answer,16,616,p54,point,16,346,,,,
p54,okay,15,616,p54,one,13,346,,,,
p54,put,15,616,p54,five,13,346,,,,
p54,point,14,616,p54,seven,11,346,,,,
p54,multiply,14,616,p54,blank,11,346,,,,
p54,six,13,616,p54,yes,10,346,,,,
p54,think,12,616,p54,divided,10,346,,,,
p54,step,10,616,p54,four,9,346,,,,
p54,paint,10,616,p54,two,8,346,,,,
p54,need,10,616,p54,answer,7,346,,,,
p54,ten,9,616,p54,hundred,7,346,,,,
p54,seven,9,616,p54,equal,5,346,,,,
p54,figure,9,616,p54,twelve,4,346,,,,
p54,eighteen,9,616,p54,'s,3,346,,,,
p54,know,8,616,p54,sixty,3,346,,,,
p54,hundred,8,616,p54,multiply,2,346,,,,
p54,bags,8,616,p54,gets,2,346,,,,
p54,help,7,616,p54,thirty,2,346,,,,
p54,guess,7,616,p54,could,2,346,,,,
p54,area,7,616,p54,plus,2,346,,,,
p55,answer,26,884,p55,could,19,273,,,,
p55,two,23,884,p55,divided,16,273,,,,
p55,five,21,884,p55,multiply,16,273,,,,
p55,three,20,884,p55,three,15,273,,,,
p55,put,18,884,p55,five,15,273,,,,
p55,point,18,884,p55,yes,13,273,,,,
p55,figure,18,884,p55,divide,11,273,,,,
p55,think,17,884,p55,times,11,273,,,,
p55,``,17,884,p55,ten,10,273,,,,
p55,'',17,884,p55,one,7,273,,,,
p55,multiply,16,884,p55,find,7,273,,,,
p55,'m,16,884,p55,six,7,273,,,,
p55,times,15,884,p55,answer,7,273,,,,
p55,get,15,884,p55,fifty,7,273,,,,
p55,'s,14,884,p55,seven,6,273,,,,
p55,twenty,14,884,p55,first,6,273,,,,
p55,okay,13,884,p55,hundred,5,273,,,,
p55,one,11,884,p55,'re,5,273,,,,
p55,seven,11,884,p55,going,4,273,,,,
p55,feet,10,884,p55,thirty,4,273,,,,
p55,need,10,884,p55,twenty,3,273,,,,
p55,help,9,884,p55,plus,3,273,,,,
p55,step,9,884,p55,step,3,273,,,,
p55,great,9,884,p55,two,3,273,,,,
p55,awesome,9,884,p55,distance,3,273,,,,
p56,three,19,313,p56,times,15,102,,,,
p56,two,14,313,p56,six,13,102,,,,
p56,times,11,313,p56,three,8,102,,,,
p56,step,10,313,p56,two,7,102,,,,
p56,one,10,313,p56,yes,6,102,,,,
p56,okay,9,313,p56,divided,6,102,,,,
p56,put,9,313,p56,one,6,102,,,,
p56,answer,9,313,p56,five,6,102,,,,
p56,multiply,9,313,p56,point,4,102,,,,
p56,need,8,313,p56,twelve,4,102,,,,
p56,paint,7,313,p56,four,3,102,,,,
p56,problem,7,313,p56,go,2,102,,,,
p56,figure,6,313,p56,twenty,2,102,,,,
p56,six,6,313,p56,answer,2,102,,,,
p56,help,5,313,p56,since,1,102,,,,
p56,get,5,313,p56,ten,1,102,,,,
p56,next,5,313,p56,less,1,102,,,,
p56,'m,5,313,p56,move,1,102,,,,
p56,third,5,313,p56,sixty,1,102,,,,
p56,five,4,313,p56,zero,1,102,,,,
p56,know,4,313,p56,said,1,102,,,,
p56,miles,4,313,p56,end,1,102,,,,
p56,ten,4,313,p56,would,1,102,,,,
p56,n't,4,313,p56,add,1,102,,,,
p56,'re,4,313,p56,good,1,102,,,,
p57,two,23,779,p57,one,18,268,,,,
p57,think,22,779,p57,ten,16,268,,,,
p57,five,18,779,p57,going,16,268,,,,
p57,answer,18,779,p57,'re,16,268,,,,
p57,'m,17,779,p57,multiply,12,268,,,,
p57,put,16,779,p57,five,11,268,,,,
p57,multiply,16,779,p57,divide,10,268,,,,
p57,three,15,779,p57,times,9,268,,,,
p57,get,14,779,p57,well,8,268,,,,
p57,``,14,779,p57,seven,7,268,,,,
p57,'',14,779,p57,three,7,268,,,,
p57,times,12,779,p57,hundred,7,268,,,,
p57,point,12,779,p57,answer,6,268,,,,
p57,one,12,779,p57,'m,6,268,,,,
p57,twenty,12,779,p57,point,4,268,,,,
p57,figure,11,779,p57,yeah,4,268,,,,
p57,'s,11,779,p57,yes,4,268,,,,
p57,okay,10,779,p57,six,4,268,,,,
p57,sweet,10,779,p57,twelve,3,268,,,,
p57,like,9,779,p57,right,3,268,,,,
p57,step,9,779,p57,equal,3,268,,,,
p57,bags,9,779,p57,dividing,3,268,,,,
p57,help,8,779,p57,divided,3,268,,,,
p57,right,8,779,p57,stuck,3,268,,,,
p57,hundred,8,779,p57,instead,3,268,,,,
p58,two,27,732,p58,yes,13,187,,,,
p58,one,15,732,p58,multiply,11,187,,,,
p58,need,15,732,p58,one,11,187,,,,
p58,five,14,732,p58,times,10,187,,,,
p58,figure,14,732,p58,six,9,187,,,,
p58,answer,14,732,p58,five,8,187,,,,
p58,put,13,732,p58,divided,6,187,,,,
p58,times,13,732,p58,three,5,187,,,,
p58,know,12,732,p58,total,5,187,,,,
p58,think,12,732,p58,time,5,187,,,,
p58,paint,12,732,p58,surface,4,187,,,,
p58,three,12,732,p58,ten,4,187,,,,
p58,``,11,732,p58,two,4,187,,,,
p58,'',11,732,p58,'s,4,187,,,,
p58,six,11,732,p58,equivalent,4,187,,,,
p58,okay,11,732,p58,distance,4,187,,,,
p58,much,10,732,p58,volume,4,187,,,,
p58,get,10,732,p58,eminem's,4,187,,,,
p58,awesome,10,732,p58,hundred,4,187,,,,
p58,multiply,10,732,p58,divide,3,187,,,,
p58,'m,10,732,p58,four,3,187,,,,
p58,help,9,732,p58,need,3,187,,,,
p58,'s,9,732,p58,find,3,187,,,,
p58,step,9,732,p58,area,3,187,,,,
p58,great,9,732,p58,paint,3,187,,,,
p59,three,21,770,p59,three,14,194,,,,
p59,two,21,770,p59,multiply,13,194,,,,
p59,'m,21,770,p59,ten,12,194,,,,
p59,think,19,770,p59,one,12,194,,,,
p59,five,17,770,p59,yes,12,194,,,,
p59,put,17,770,p59,divide,9,194,,,,
p59,one,16,770,p59,times,9,194,,,,
p59,okay,15,770,p59,four,8,194,,,,
p59,answer,14,770,p59,need,7,194,,,,
p59,'s,13,770,p59,hundred,7,194,,,,
p59,``,12,770,p59,five,6,194,,,,
p59,'',12,770,p59,twelve,5,194,,,,
p59,get,12,770,p59,step,5,194,,,,
p59,multiply,12,770,p59,correct,5,194,,,,
p59,point,11,770,p59,point,4,194,,,,
p59,times,11,770,p59,seven,4,194,,,,
p59,twenty,10,770,p59,six,4,194,,,,
p59,hundred,10,770,p59,number,2,194,,,,
p59,step,9,770,p59,ready,2,194,,,,
p59,great,9,770,p59,bags,2,194,,,,
p59,problem,9,770,p59,divided,2,194,,,,
p59,figure,9,770,p59,answer,2,194,,,,
p59,bags,9,770,p59,get,2,194,,,,
p59,sweet,8,770,p59,eighty,2,194,,,,
p59,seven,8,770,p59,distance,2,194,,,,
p6,three,22,438,p6,one,16,206,,,,
p6,two,20,438,p6,ten,16,206,,,,
p6,need,17,438,p6,multiply,12,206,,,,
p6,one,14,438,p6,three,12,206,,,,
p6,paint,14,438,p6,surface,10,206,,,,
p6,put,13,438,p6,yes,10,206,,,,
p6,okay,12,438,p6,area,10,206,,,,
p6,times,12,438,p6,six,10,206,,,,
p6,answer,12,438,p6,would,8,206,,,,
p6,multiply,12,438,p6,get,8,206,,,,
p6,step,10,438,p6,equals,8,206,,,,
p6,first,9,438,p6,times,8,206,,,,
p6,figure,9,438,p6,hundred,7,206,,,,
p6,six,8,438,p6,divide,6,206,,,,
p6,area,7,438,p6,paint,5,206,,,,
p6,``,7,438,p6,volume,5,206,,,,
p6,surface,7,438,p6,step,5,206,,,,
p6,'',7,438,p6,thirty,4,206,,,,
p6,help,6,438,p6,four,3,206,,,,
p6,four,6,438,p6,two,3,206,,,,
p6,much,6,438,p6,zero,3,206,,,,
p6,torso,6,438,p6,equal,3,206,,,,
p6,thinking,5,438,p6,time,3,206,,,,
p6,miles,5,438,p6,go,2,206,,,,
p6,twenty,5,438,p6,divided,2,206,,,,
p60,two,27,540,p60,times,20,201,,,,
p60,times,18,540,p60,'s,18,201,,,,
p60,three,18,540,p60,one,14,201,,,,
p60,answer,17,540,p60,three,8,201,,,,
p60,five,15,540,p60,yep,7,201,,,,
p60,put,14,540,p60,divided,7,201,,,,
p60,multiply,13,540,p60,good,7,201,,,,
p60,one,12,540,p60,job,7,201,,,,
p60,step,11,540,p60,ten,6,201,,,,
p60,think,11,540,p60,six,6,201,,,,
p60,six,11,540,p60,twelve,5,201,,,,
p60,okay,11,540,p60,hundred,5,201,,,,
p60,'s,10,540,p60,five,5,201,,,,
p60,point,10,540,p60,figure,4,201,,,,
p60,hundred,10,540,p60,point,4,201,,,,
p60,twenty,9,540,p60,two,4,201,,,,
p60,figure,9,540,p60,seven,3,201,,,,
p60,next,8,540,p60,going,3,201,,,,
p60,'m,8,540,p60,answer,3,201,,,,
p60,get,7,540,p60,eight,3,201,,,,
p60,need,7,540,p60,know,3,201,,,,
p60,bags,7,540,p60,need,3,201,,,,
p60,help,6,540,p60,okay,2,201,,,,
p60,go,6,540,p60,go,2,201,,,,
p60,ten,6,540,p60,n't,2,201,,,,
p61,two,12,242,p61,times,7,49,,,,
p61,three,11,242,p61,six,6,49,,,,
p61,times,9,242,p61,equals,4,49,,,,
p61,need,9,242,p61,yes,4,49,,,,
p61,okay,8,242,p61,one,3,49,,,,
p61,one,7,242,p61,three,3,49,,,,
p61,paint,7,242,p61,point,3,49,,,,
p61,step,6,242,p61,five,3,49,,,,
p61,put,6,242,p61,two,3,49,,,,
p61,multiply,6,242,p61,divided,2,49,,,,
p61,figure,5,242,p61,eight,2,49,,,,
p61,answer,5,242,p61,twelve,1,49,,,,
p61,first,5,242,p61,ten,1,49,,,,
p61,help,4,242,p61,seduce,1,49,,,,
p61,area,4,242,p61,going,1,49,,,,
p61,n't,4,242,p61,four,1,49,,,,
p61,``,4,242,p61,'re,1,49,,,,
p61,surface,4,242,p61,next,1,49,,,,
p61,'',4,242,p61,hello,1,49,,,,
p61,six,4,242,p61,first,1,49,,,,
p61,'m,4,242,p62,yes,9,103,,,,
p61,four,3,242,p62,one,8,103,,,,
p61,thinking,3,242,p62,five,8,103,,,,
p61,know,3,242,p62,hundred,7,103,,,,
p61,much,3,242,p62,ten,6,103,,,,
p62,three,17,584,p62,times,6,103,,,,
p62,two,16,584,p62,add,5,103,,,,
p62,put,13,584,p62,multiply,5,103,,,,
p62,answer,13,584,p62,two,4,103,,,,
p62,'m,13,584,p62,distance,4,103,,,,
p62,five,12,584,p62,divide,3,103,,,,
p62,think,12,584,p62,point,2,103,,,,
p62,great,11,584,p62,go,2,103,,,,
p62,times,11,584,p62,six,2,103,,,,
p62,one,11,584,p62,'s,2,103,,,,
p62,need,11,584,p62,fifteen,2,103,,,,
p62,okay,11,584,p62,three,2,103,,,,
p62,``,10,584,p62,time,2,103,,,,
p62,'',10,584,p62,twelve,1,103,,,,
p62,step,9,584,p62,seven,1,103,,,,
p62,paint,9,584,p62,four,1,103,,,,
p62,much,9,584,p62,see,1,103,,,,
p62,figure,9,584,p62,find,1,103,,,,
p62,sense,9,584,p62,bags,1,103,,,,
p62,help,8,584,p62,would,1,103,,,,
p62,get,8,584,p63,multiply,18,300,,,,
p62,'s,8,584,p63,answer,17,300,,,,
p62,makes,8,584,p63,one,16,300,,,,
p62,bags,8,584,p63,three,12,300,,,,
p62,multiply,8,584,p63,two,12,300,,,,
p63,three,25,724,p63,six,11,300,,,,
p63,two,20,724,p63,yes,10,300,,,,
p63,five,17,724,p63,four,9,300,,,,
p63,point,17,724,p63,times,9,300,,,,
p63,one,16,724,p63,twelve,8,300,,,,
p63,answer,16,724,p63,seven,8,300,,,,
p63,put,14,724,p63,ten,7,300,,,,
p63,think,14,724,p63,five,7,300,,,,
p63,okay,13,724,p63,get,6,300,,,,
p63,times,12,724,p63,step,5,300,,,,
p63,figure,12,724,p63,amount,5,300,,,,
p63,need,12,724,p63,number,5,300,,,,
p63,'s,11,724,p63,area,5,300,,,,
p63,seven,11,724,p63,hundred,5,300,,,,
p63,get,11,724,p63,give,5,300,,,,
p63,miles,10,724,p63,divided,5,300,,,,
p63,step,10,724,p63,results,4,300,,,,
p63,``,10,724,p63,find,4,300,,,,
p63,'',10,724,p63,first,4,300,,,,
p63,multiply,10,724,p63,point,4,300,,,,
p63,sweet,9,724,p64,get,31,625,,,,
p63,paint,9,724,p64,need,30,625,,,,
p63,four,8,724,p64,times,28,625,,,,
p63,'m,8,724,p64,multiply,27,625,,,,
p63,six,7,724,p64,since,25,625,,,,
p64,two,29,758,p64,six,24,625,,,,
p64,three,25,758,p64,one,23,625,,,,
p64,point,20,758,p64,five,20,625,,,,
p64,five,17,758,p64,'s,20,625,,,,
p64,multiply,16,758,p64,three,18,625,,,,
p64,put,15,758,p64,two,17,625,,,,
p64,figure,15,758,p64,ten,16,625,,,,
p64,answer,15,758,p64,point,15,625,,,,
p64,times,14,758,p64,step,14,625,,,,
p64,think,14,758,p64,yes,12,625,,,,
p64,'s,13,758,p64,number,12,625,,,,
p64,one,13,758,p64,twelve,11,625,,,,
p64,need,13,758,p64,distance,10,625,,,,
p64,sweet,12,758,p64,total,9,625,,,,
p64,seven,12,758,p64,hundred,9,625,,,,
p64,okay,12,758,p64,seven,9,625,,,,
p64,get,11,758,p64,eminem,8,625,,,,
p64,``,11,758,p64,'ll,8,625,,,,
p64,'',11,758,p64,four,7,625,,,,
p64,twenty,10,758,p64,bags,7,625,,,,
p64,paint,10,758,p65,one,22,288,,,,
p64,six,10,758,p65,ten,17,288,,,,
p64,'m,10,758,p65,blank,17,288,,,,
p64,miles,9,758,p65,times,17,288,,,,
p64,bags,9,758,p65,hundred,16,288,,,,
p65,think,21,651,p65,six,13,288,,,,
p65,answer,15,651,p65,nico,13,288,,,,
p65,know,14,651,p65,five,13,288,,,,
p65,two,14,651,p65,twenty,10,288,,,,
p65,'m,14,651,p65,fifty,9,288,,,,
p65,put,13,651,p65,equals,8,288,,,,
p65,get,12,651,p65,two,8,288,,,,
p65,figure,12,651,p65,three,8,288,,,,
p65,step,11,651,p65,answer,7,288,,,,
p65,three,11,651,p65,got,6,288,,,,
p65,five,10,651,p65,equal,6,288,,,,
p65,great,10,651,p65,right,5,288,,,,
p65,go,9,651,p65,yes,5,288,,,,
p65,sweet,9,651,p65,twelve,4,288,,,,
p65,``,9,651,p65,point,4,288,,,,
p65,'',9,651,p65,put,4,288,,,,
p65,one,8,651,p65,'s,4,288,,,,
p65,n't,8,651,p65,'re,4,288,,,,
p65,problem,8,651,p65,divided,3,288,,,,
p65,need,8,651,p65,would,3,288,,,,
p65,okay,8,651,p66,divide,20,278,,,,
p65,help,7,651,p66,five,13,278,,,,
p65,really,7,651,p66,twenty,11,278,,,,
p65,paint,7,651,p66,fifty,9,278,,,,
p65,'re,7,651,p66,twelve,9,278,,,,
p66,two,28,708,p66,three,9,278,,,,
p66,five,20,708,p66,need,9,278,,,,
p66,one,19,708,p66,four,8,278,,,,
p66,figure,19,708,p66,one,8,278,,,,
p66,put,18,708,p66,six,8,278,,,,
p66,okay,18,708,p66,nico,8,278,,,,
p66,three,16,708,p66,point,7,278,,,,
p66,answer,16,708,p66,divided,7,278,,,,
p66,point,14,708,p66,hundred,6,278,,,,
p66,help,13,708,p66,two,6,278,,,,
p66,swim,13,708,p66,'s,5,278,,,,
p66,think,13,708,p66,answer,5,278,,,,
p66,twenty,12,708,p66,forty,4,278,,,,
p66,``,12,708,p66,right,4,278,,,,
p66,'',12,708,p66,area,4,278,,,,
p66,seconds,10,708,p66,seven,4,278,,,,
p66,step,10,708,p66,surface,4,278,,,,
p66,feet,10,708,p66,spend,4,278,,,,
p66,seven,10,708,p66,yes,3,278,,,,
p66,times,9,708,p66,correct,3,278,,,,
p66,need,9,708,p67,five,19,290,,,,
p66,'m,9,708,p67,answer,19,290,,,,
p66,far,8,708,p67,get,18,290,,,,
p66,twelve,8,708,p67,yes,12,290,,,,
p66,'s,8,708,p67,ten,11,290,,,,
p67,think,31,1039,p67,three,11,290,,,,
p67,answer,30,1039,p67,correct,9,290,,,,
p67,three,25,1039,p67,thirty,9,290,,,,
p67,point,23,1039,p67,point,9,290,,,,
p67,'m,23,1039,p67,multiply,9,290,,,,
p67,put,22,1039,p67,plus,8,290,,,,
p67,two,20,1039,p67,one,7,290,,,,
p67,five,19,1039,p67,six,7,290,,,,
p67,'s,18,1039,p67,two,7,290,,,,
p67,times,18,1039,p67,add,6,290,,,,
p67,``,18,1039,p67,job,6,290,,,,
p67,'',18,1039,p67,great,6,290,,,,
p67,one,16,1039,p67,twenty,6,290,,,,
p67,figure,16,1039,p67,count,6,290,,,,
p67,okay,16,1039,p67,twelve,5,290,,,,
p67,great,15,1039,p67,eight,5,290,,,,
p67,get,14,1039,p67,step,4,290,,,,
p67,twenty,13,1039,p67,fifty,3,290,,,,
p67,ah,13,1039,p67,find,3,290,,,,
p67,like,12,1039,p67,ratio,3,290,,,,
p67,seven,11,1039,p68,yes,6,78,,,,
p67,need,11,1039,p68,one,5,78,,,,
p67,help,10,1039,p68,need,4,78,,,,
p67,know,10,1039,p68,volume,4,78,,,,
p67,really,10,1039,p68,hundred,4,78,,,,
p68,two,19,443,p68,seven,3,78,,,,
p68,put,16,443,p68,ten,3,78,,,,
p68,need,15,443,p68,paint,3,78,,,,
p68,paint,14,443,p68,eminem,3,78,,,,
p68,step,11,443,p68,oz,3,78,,,,
p68,one,10,443,p68,four,2,78,,,,
p68,figure,10,443,p68,total,2,78,,,,
p68,help,9,443,p68,twenty,2,78,,,,
p68,answer,9,443,p68,arms,2,78,,,,
p68,first,8,443,p68,'s,2,78,,,,
p68,three,8,443,p68,eight,2,78,,,,
p68,go,7,443,p68,two,2,78,,,,
p68,five,7,443,p68,multiply,2,78,,,,
p68,ten,7,443,p68,point,1,78,,,,
p68,okay,7,443,p68,ounces,1,78,,,,
p68,point,7,443,p68,ft,1,78,,,,
p68,twenty,7,443,p68,bags,1,78,,,,
p68,much,7,443,p68,six,1,78,,,,
p68,legs,7,443,p68,th,1,78,,,,
p68,seven,7,443,p68,legs,1,78,,,,
p68,give,7,443,p69,ten,20,498,,,,
p68,hint,6,443,p69,three,19,498,,,,
p68,think,6,443,p69,five,16,498,,,,
p68,n't,6,443,p69,know,16,498,,,,
p68,'s,6,443,p69,multiply,16,498,,,,
p69,two,29,992,p69,times,15,498,,,,
p69,three,25,992,p69,since,14,498,,,,
p69,five,24,992,p69,six,13,498,,,,
p69,answer,23,992,p69,already,13,498,,,,
p69,put,21,992,p69,yes,11,498,,,,
p69,think,21,992,p69,many,11,498,,,,
p69,point,21,992,p69,one,11,498,,,,
p69,figure,18,992,p69,get,10,498,,,,
p69,okay,17,992,p69,okay,10,498,,,,
p69,'m,17,992,p69,point,10,498,,,,
p69,times,16,992,p69,two,10,498,,,,
p69,get,15,992,p69,four,9,498,,,,
p69,one,15,992,p69,would,8,498,,,,
p69,twenty,15,992,p69,seven,8,498,,,,
p69,``,15,992,p69,answer,8,498,,,,
p69,'',15,992,p69,'s,8,498,,,,
p69,multiply,14,992,p69,twelve,7,498,,,,
p69,'s,13,992,p69,hundred,7,498,,,,
p69,sweet,13,992,p69,'re,7,498,,,,
p69,seven,13,992,p69,fit,6,498,,,,
p69,need,12,992,p7,one,37,621,,,,
p69,far,11,992,p7,get,36,621,,,,
p69,step,10,992,p7,three,32,621,,,,
p69,paint,10,992,p7,would,24,621,,,,
p69,hundred,10,992,p7,six,24,621,,,,
p7,two,30,714,p7,multiply,22,621,,,,
p7,three,21,714,p7,point,21,621,,,,
p7,five,19,714,p7,two,20,621,,,,
p7,ratio,17,714,p7,divided,18,621,,,,
p7,point,17,714,p7,ten,17,621,,,,
p7,one,17,714,p7,number,16,621,,,,
p7,put,14,714,p7,ratio,15,621,,,,
p7,think,14,714,p7,seven,15,621,,,,
p7,six,13,714,p7,equals,15,621,,,,
p7,answer,13,714,p7,five,14,621,,,,
p7,okay,13,714,p7,four,13,621,,,,
p7,get,12,714,p7,twenty,13,621,,,,
p7,ten,12,714,p7,hundred,13,621,,,,
p7,sweet,12,714,p7,'s,12,621,,,,
p7,hundred,12,714,p7,use,11,621,,,,
p7,multiply,12,714,p7,yes,10,621,,,,
p7,'m,12,714,p7,twelve,10,621,,,,
p7,twenty,11,714,p7,times,10,621,,,,
p7,seven,11,714,p7,equivalent,9,621,,,,
p7,figure,11,714,p7,distance,9,621,,,,
p7,'s,10,714,p70,times,16,290,,,,
p7,``,10,714,p70,'re,16,290,,,,
p7,'',10,714,p70,find,15,290,,,,
p7,bags,9,714,p70,'s,13,290,,,,
p7,step,8,714,p70,one,13,290,,,,
p70,two,27,494,p70,many,13,290,,,,
p70,multiply,25,494,p70,need,10,290,,,,
p70,three,21,494,p70,three,9,290,,,,
p70,times,17,494,p70,multiply,9,290,,,,
p70,one,14,494,p70,going,9,290,,,,
p70,put,13,494,p70,yes,8,290,,,,
p70,answer,13,494,p70,six,8,290,,,,
p70,hundred,11,494,p70,ten,7,290,,,,
p70,five,10,494,p70,trying,7,290,,,,
p70,think,10,494,p70,point,6,290,,,,
p70,twenty,10,494,p70,hundred,6,290,,,,
p70,point,9,494,p70,equals,6,290,,,,
p70,seven,8,494,p70,five,6,290,,,,
p70,figure,8,494,p70,two,6,290,,,,
p70,get,7,494,p70,seven,5,290,,,,
p70,right,7,494,p70,bags,5,290,,,,
p70,ten,7,494,p70,four,4,290,,,,
p70,'s,7,494,p70,correct,4,290,,,,
p70,need,7,494,p70,eminem,4,290,,,,
p70,bags,7,494,p70,miles,4,290,,,,
p70,six,7,494,p71,one,22,309,,,,
p70,okay,7,494,p71,multiply,20,309,,,,
p70,help,6,494,p71,'s,14,309,,,,
p70,step,6,494,p71,yes,13,309,,,,
p70,paint,6,494,p71,ten,13,309,,,,
p71,one,20,602,p71,ratio,12,309,,,,
p71,two,19,602,p71,know,11,309,,,,
p71,three,19,602,p71,would,10,309,,,,
p71,sweet,15,602,p71,hundred,10,309,,,,
p71,ratio,13,602,p71,six,9,309,,,,
p71,think,13,602,p71,number,9,309,,,,
p71,multiply,13,602,p71,correct,9,309,,,,
p71,five,12,602,p71,five,8,309,,,,
p71,step,12,602,p71,want,7,309,,,,
p71,figure,12,602,p71,times,7,309,,,,
p71,okay,12,602,p71,find,6,309,,,,
p71,put,11,602,p71,bags,6,309,,,,
p71,times,11,602,p71,since,6,309,,,,
p71,hundred,11,602,p71,many,6,309,,,,
p71,answer,11,602,p71,two,6,309,,,,
p71,'s,9,602,p71,hours,5,309,,,,
p71,'m,9,602,p71,use,4,309,,,,
p71,paint,8,602,p71,three,4,309,,,,
p71,need,8,602,p71,answer,4,309,,,,
p71,bags,8,602,p71,means,4,309,,,,
p71,thinking,7,602,p72,times,16,161,,,,
p71,miles,7,602,p72,six,11,161,,,,
p71,ten,7,602,p72,yes,10,161,,,,
p71,``,7,602,p72,try,10,161,,,,
p71,many,7,602,p72,ten,8,161,,,,
p72,three,19,618,p72,answer,7,161,,,,
p72,two,18,618,p72,correct,7,161,,,,
p72,think,15,618,p72,'s,7,161,,,,
p72,sweet,15,618,p72,let,7,161,,,,
p72,step,14,618,p72,would,6,161,,,,
p72,times,14,618,p72,hundred,6,161,,,,
p72,one,14,618,p72,one,5,161,,,,
p72,go,11,618,p72,get,5,161,,,,
p72,five,11,618,p72,multiply,5,161,,,,
p72,put,11,618,p72,way,4,161,,,,
p72,figure,11,618,p72,thirty,4,161,,,,
p72,multiply,11,618,p72,five,4,161,,,,
p72,answer,10,618,p72,twelve,3,161,,,,
p72,miles,9,618,p72,divide,3,161,,,,
p72,problem,9,618,p72,two,3,161,,,,
p72,'m,9,618,p72,us,3,161,,,,
p72,'s,8,618,p72,right,2,161,,,,
p72,get,8,618,p72,help,2,161,,,,
p72,need,8,618,p72,point,2,161,,,,
p72,bags,8,618,p72,three,2,161,,,,
p72,hours,7,618,p8,put,21,263,,,,
p72,next,7,618,p8,one,15,263,,,,
p72,paint,7,618,p8,three,14,263,,,,
p72,``,7,618,p8,twenty,12,263,,,,
p72,hundred,7,618,p8,six,9,263,,,,
p8,three,26,633,p8,step,8,263,,,,
p8,times,19,633,p8,two,8,263,,,,
p8,two,15,633,p8,next,8,263,,,,
p8,``,14,633,p8,plus,7,263,,,,
p8,'',14,633,p8,nico,6,263,,,,
p8,answer,14,633,p8,forty,6,263,,,,
p8,'m,14,633,p8,times,6,263,,,,
p8,think,13,633,p8,eight,6,263,,,,
p8,put,12,633,p8,yes,5,263,,,,
p8,need,12,633,p8,five,5,263,,,,
p8,great,11,633,p8,hundred,5,263,,,,
p8,one,11,633,p8,'s,5,263,,,,
p8,get,11,633,p8,four,4,263,,,,
p8,sweet,10,633,p8,correct,4,263,,,,
p8,paint,10,633,p8,miles,4,263,,,,
p8,figure,10,633,p8,ten,4,263,,,,
p8,okay,10,633,p8,thirty,4,263,,,,
p8,six,9,633,p8,count,4,263,,,,
p8,much,9,633,p8,skip,3,263,,,,
p8,multiply,9,633,p8,know,3,263,,,,
p8,step,8,633,p9,one,22,212,,,,
p8,help,7,633,p9,yes,16,212,,,,
p8,go,7,633,p9,times,16,212,,,,
p8,eem,7,633,p9,six,11,212,,,,
p8,eh,7,633,p9,two,10,212,,,,
p9,figure,23,649,p9,divided,9,212,,,,
p9,five,19,649,p9,equals,9,212,,,,
p9,think,17,649,p9,three,9,212,,,,
p9,okay,15,649,p9,would,8,212,,,,
p9,need,14,649,p9,equal,7,212,,,,
p9,two,14,649,p9,five,6,212,,,,
p9,times,13,649,p9,twenty,5,212,,,,
p9,one,13,649,p9,hundred,5,212,,,,
p9,go,12,649,p9,multiply,5,212,,,,
p9,step,12,649,p9,point,4,212,,,,
p9,help,11,649,p9,four,4,212,,,,
p9,far,11,649,p9,ten,4,212,,,,
p9,put,11,649,p9,answer,4,212,,,,
p9,know,10,649,p9,correct,4,212,,,,
p9,next,10,649,p9,number,4,212,,,,
p9,``,10,649,p9,forty,4,212,,,,
p9,'',10,649,p9,twelve,3,212,,,,
p9,'s,10,649,p9,cross,3,212,,,,
p9,nancy,10,649,p9,okay,3,212,,,,
p9,three,9,649,p9,think,2,212,,,,
p9,answer,9,649,,,,,,,,
p9,'m,9,649,,,,,,,,
p9,miles,8,649,,,,,,,,
p9,race,8,649,,,,,,,,
p9,point,8,649,,,,,,,,
